Serial Number,Pet Name,Symptom,Possible Disease,Treatment/Solution
1,Dog,Coughing,Kennel Cough,"Keep your dog in a humid, well-ventilated area. Isolate your dog from other dogs, and consult a vet who may prescribe antibiotics or cough suppressants. Complete recovery usually takes a few weeks."
2,Dog,Vomiting,Gastritis,"Feed a bland diet like boiled chicken and rice in small portions. Avoid feeding for a few hours after vomiting, and make sure your dog has access to water. Visit the vet if vomiting persists."
3,Dog,Diarrhea,Parvovirus,Parvovirus is highly contagious and requires immediate veterinary care. Your dog will likely need hospitalization for fluids and supportive care. Keep your dog isolated and ensure full vaccinations.
4,Dog,Itching,Flea Allergy Dermatitis,Use flea treatments like topical medications or oral flea preventives. Regularly bathe your dog with a medicated shampoo. Your vet may prescribe antihistamines or steroids to manage itching.
5,Dog,Limping,Arthritis,"Joint supplements like glucosamine can improve mobility. Your vet may prescribe pain relievers and anti-inflammatory medications. Gentle, regular exercise can help manage arthritis."
6,Dog,Excessive Thirst,Diabetes Mellitus,Your dog may need a special low-carb diet and insulin injections to manage diabetes. Work with your vet to establish a glucose monitoring routine. Regular exercise and weight management are also important.
7,Dog,Bad Breath,Dental Disease,Brush your dog's teeth daily with canine toothpaste. Offer dental chews and visit the vet for professional cleaning if plaque buildup is severe. Neglecting dental care can lead to infections or tooth loss.
8,Dog,Weight Loss,Intestinal Parasites,"Visit the vet for a stool test and deworming medication. Keep your dog's environment clean to prevent re-infestation. Regular deworming is recommended, especially in puppies and outdoor dogs."
9,Dog,Hair Loss,Mange,Your vet may prescribe medicated baths or oral treatments to eliminate mites. Isolate your dog to prevent spreading mange to other animals. Follow treatment closely and continue vet follow-ups.
10,Dog,Lethargy,Heart Disease,Consult a vet for heart medications that regulate blood flow and heart function. Limit strenuous activities and maintain a healthy weight to reduce the strain on your dog's heart. Routine vet visits are key.
11,Dog,Loss of Appetite,Gastrointestinal Obstruction,"If your dog has stopped eating and shows signs of pain or vomiting, consult a vet immediately. Surgery may be necessary to remove the obstruction. Avoid giving your dog access to toys or objects they may swallow."
12,Dog,Seizures,Epilepsy,"Your vet will likely prescribe anti-seizure medications. Keep a seizure log noting duration and frequency. Create a safe environment for your dog during seizures, and ensure regular vet check-ups to monitor medication levels."
13,Dog,Eye Discharge,Conjunctivitis,Clean your dog's eyes with a saline solution and consult a vet for prescribed eye drops. Prevent further irritation by keeping the area around the eyes clean and avoiding allergens.
14,Dog,Sneezing,Canine Influenza,"Keep your dog away from other animals and provide plenty of rest and fluids. In severe cases, a vet may prescribe antiviral medications or antibiotics for secondary infections. Ensure vaccinations are up to date."
15,Dog,Panting Excessively,Heatstroke,"Move your dog to a cool place, offer water, and apply cool (not cold) water to help lower body temperature. Avoid giving ice water. If symptoms worsen, visit a vet immediately, as heatstroke can lead to organ damage."
16,Dog,Excessive Drooling,Oral Infection,Clean your dog’s mouth regularly and visit a vet for antibiotics if an infection is present. Continue routine dental care to prevent further infections. Your dog may need pain relief and dental work.
17,Dog,Aggression,Hypothyroidism,"If diagnosed through blood tests, your vet will prescribe thyroid hormone replacement therapy. This will regulate your dog’s hormones and improve behavior. Continued treatment and regular check-ups are required."
18,Dog,Pale Gums,Anemia,"Pale gums indicate low red blood cells. Your vet will determine the cause and may recommend iron supplements, a special diet, or medications. Ensure regular check-ups to monitor your dog’s recovery."
19,Dog,Swollen Abdomen,Bloat (GDV),"If you notice a swollen belly, restlessness, or vomiting, rush your dog to the vet as bloat is life-threatening. Surgery is usually required to correct the stomach’s position and prevent further complications."
20,Dog,Frequent Urination,Urinary Tract Infection,"Increase your dog's water intake to flush the urinary system. Your vet will prescribe antibiotics to treat the infection. If the UTI recurs, further tests may be needed to rule out bladder stones or other issues."
21,Dog,Shaking,Ear Infection,"Clean your dog’s ears regularly and consult a vet for prescribed ear drops. In severe cases, antibiotics may be needed. Keep your dog’s ears dry and free of debris to prevent future infections."
22,Dog,Scooting,Anal Gland Problems,A vet or groomer can express your dog's anal glands to relieve discomfort. Ensure regular gland expression if this becomes a chronic issue. A high-fiber diet may also help your dog’s glands function properly.
23,Dog,Difficulty Breathing,Pneumonia,"Pneumonia requires immediate veterinary care. Your dog may need hospitalization for oxygen therapy and antibiotics. Provide a warm, quiet space at home for recovery, and ensure hydration."
24,Dog,Skin Redness,Allergies,Skin redness is often due to allergies. Your vet can perform allergy tests and prescribe antihistamines or medicated shampoos to relieve itching and inflammation. Keep your dog away from known allergens.
25,Dog,Foul-Smelling Ears,Yeast Infection,"Clean your dog's ears with a vet-recommended solution, and apply antifungal drops. Keep your dog’s ears dry, especially after swimming or bathing, to prevent recurrence of yeast infections."
26,Dog,Stiffness,Hip Dysplasia,"Weight management and joint supplements like glucosamine can help reduce symptoms. In severe cases, surgery may be required to correct hip structure. Gentle exercise and physical therapy can also improve mobility."
27,Dog,Sudden Blindness,Glaucoma,Glaucoma is an emergency condition that can lead to permanent blindness if untreated. Visit a vet immediately for eye drops to reduce pressure or surgery to relieve symptoms. Regular eye exams are important.
28,Dog,Foul-Smelling Stool,Pancreatitis,"A low-fat diet can help manage pancreatitis. Consult a vet for enzyme supplements or pain relief. Avoid fatty foods, and ensure hydration to prevent complications. Regular vet monitoring is important for chronic cases."
29,Dog,Head Tilt,Vestibular Disease,Vestibular disease affects balance but often resolves with time. Provide a safe environment for your dog to prevent falls. Consult a vet for anti-nausea medications or supportive care. Recovery can take a few weeks.
30,Dog,Restlessness,Anxiety,"Anti-anxiety medications and behavior modification can help your dog. Provide a calm, consistent routine, and use techniques like desensitization to address triggers. Consult a vet or behaviorist for advice."
31,Dog,Dry Nose,Dehydration,"Ensure your dog has access to clean water at all times. If your dog refuses water, offer ice cubes or low-sodium broth. Consult a vet if dehydration persists, as it could indicate an underlying health issue."
32,Dog,Licking Paws,Contact Dermatitis,"Wash your dog's paws with a gentle, hypoallergenic cleanser and dry them thoroughly. Apply a soothing cream or ointment, and try to identify the irritant. Your vet may prescribe anti-inflammatory medication."
33,Dog,Swollen Joints,Lyme Disease,"Lyme disease is transmitted by ticks, and your vet will prescribe antibiotics to treat it. Prevent future infections by using tick preventives and checking your dog regularly for ticks, especially after walks."
34,Dog,Trembling,Hypoglycemia,"Offer your dog food or a sugary solution like honey on the gums to raise blood sugar levels. If your dog frequently has low blood sugar, consult a vet for advice on managing their diet and monitoring glucose levels."
35,Dog,Open Wounds,Bite Wound Infection,"Clean the wound with a saline solution and apply an antiseptic. Visit the vet for antibiotics to prevent infection. If the wound is deep, your vet may need to suture it and prescribe pain relievers."
36,Dog,Fainting,Heart Failure,"Your vet may prescribe heart medications such as diuretics or ACE inhibitors to improve blood flow and reduce the strain on your dog’s heart. Avoid strenuous exercise, and monitor your dog closely for any signs of distress."
37,Dog,Bloody Stool,Hemorrhagic Gastroenteritis,"Immediate vet attention is needed, as this condition can cause dehydration and shock. Your vet may provide fluids and medications to stop the bleeding. Ensure your dog has access to clean water at all times."
38,Dog,Enlarged Lymph Nodes,Lymphoma,Lymphoma is a form of cancer that may require chemotherapy. Your vet will guide you through treatment options and may recommend a specialist. Early detection is key to managing this condition.
39,Dog,Abnormal Gait,Spinal Disc Disease,"Restricted movement and anti-inflammatory medications can help reduce pain and inflammation. In severe cases, surgery may be required. Follow-up care often includes physical therapy for long-term recovery."
40,Dog,Inability to Urinate,Bladder Stones,Bladder stones can block the urinary tract and may require surgical removal. Your vet will also recommend a special diet to dissolve the stones and prevent recurrence. Ensure regular vet check-ups and monitor urine output.
41,Dog,Drooping Eyes,Horner's Syndrome,"Horner's Syndrome often resolves on its own, but it’s important to visit the vet to rule out underlying issues like ear infections or injuries. Treatment depends on the root cause, and follow-up care may be needed."
42,Dog,Nose Bleeding,Nasal Tumor,"If your dog has persistent nosebleeds, consult a vet immediately. Imaging tests may be required to detect tumors. Treatment options include surgery or radiation therapy, depending on the tumor’s location and severity."
43,Dog,Loss of Coordination,Brain Tumor,"A brain tumor can cause neurological symptoms. Your vet may recommend imaging tests and surgery to remove the tumor, or radiation therapy. Early intervention is key to improving quality of life."
44,Dog,Muscle Wasting,Cushing's Disease,Cushing’s disease occurs due to excessive cortisol production. Treatment may involve medications to regulate hormone levels or surgery to remove a tumor from the adrenal gland. Regular monitoring is needed.
45,Dog,Bloody Urine,Kidney Infection,"Your vet will prescribe antibiotics to treat the infection and recommend increased water intake to flush the kidneys. In severe cases, hospitalization and IV fluids may be needed. Keep an eye on your dog’s urine output."
46,Dog,Weakness,Addison's Disease,"Addison’s disease is caused by low cortisol levels, and your dog will need hormone replacement therapy. In cases of an Addisonian crisis, immediate veterinary care with IV fluids and steroids is required."
47,Dog,Cloudy Eyes,Cataracts,"Cataracts can lead to blindness if untreated. Surgery to remove the cataract is often recommended, especially in younger dogs. Regular eye exams are important to monitor the progression of the condition."
48,Dog,Loss of Balance,Inner Ear Infection,Inner ear infections require antibiotics and sometimes anti-nausea medications to manage symptoms. Keeping your dog’s ears clean and dry can help prevent infections from recurring.
49,Dog,Constipation,Megacolon,"Your vet may recommend a high-fiber diet or laxatives to relieve constipation. In severe cases, surgery may be needed to remove impacted feces. Ensure your dog stays hydrated and receives regular exercise."
50,Dog,Enlarged Belly,Cushing's Disease,"Treatment for Cushing’s disease involves medications to lower cortisol levels, or surgery to remove an adrenal tumor. Regular blood tests and vet monitoring are essential for managing this chronic condition."
51,Dog,Head Pressing,Neurological Disorder,"Consult a vet immediately as head pressing can indicate brain inflammation, liver disease, or a tumor. Treatment depends on the underlying cause and may include medications, surgery, or supportive care."
52,Dog,Swollen Paws,Pododermatitis,"Soak the paws in warm water with Epsom salts, and consult a vet for antibiotics or antifungal treatment. Regularly clean and inspect paws for injuries or foreign objects. Keep your dog’s paws dry and avoid rough surfaces."
53,Dog,Excessive Barking,Separation Anxiety,"Behavior modification, crate training, and providing distractions like toys can reduce barking. Consult a vet for anti-anxiety medications if the problem persists. Using calming pheromones may also help."
54,Dog,Swollen Eyes,Glaucoma,"Glaucoma is a medical emergency, and your dog needs immediate vet attention. Eye drops or surgery may be necessary to reduce pressure and save vision. Regular vet visits are crucial to monitor eye health."
55,Dog,Grinding Teeth,Dental Pain,"Grinding teeth may indicate dental issues such as tooth decay or gum disease. Schedule a dental exam with your vet, who may recommend cleaning, tooth extraction, or antibiotics. Daily tooth brushing can prevent future problems."
56,Dog,Panting at Rest,Heart Disease,"Panting at rest could indicate heart disease. Consult your vet for diagnostic tests, such as X-rays or an ECG. Treatment may include heart medications and diuretics to reduce fluid buildup around the heart."
57,Dog,Reluctance to Walk,Joint Inflammation,"Joint inflammation, especially in older dogs, may require anti-inflammatory medications and joint supplements. Physical therapy or low-impact exercises, like swimming, can help maintain mobility."
58,Dog,Drooling Excessively,Oral Tumor,"Excessive drooling may indicate an oral tumor. A vet will perform imaging tests and may recommend surgery to remove the tumor, followed by chemotherapy or radiation. Regular check-ups are important to monitor recovery."
59,Dog,Tail Chasing,Obsessive-Compulsive Disorder (OCD),"Tail chasing can be a sign of OCD in dogs. Behavior modification and environmental enrichment, such as interactive toys and exercise, can help reduce stress. Consult a vet for medications to control compulsive behaviors."
60,Dog,Hunched Back,Intervertebral Disc Disease (IVDD),"IVDD requires immediate vet attention. Mild cases may be treated with anti-inflammatory drugs and restricted activity, while severe cases may need surgery. Keep your dog on a harness instead of a collar to reduce neck strain."
61,Dog,Loss of Hearing,Ear Infection or Age-Related Deafness,"For ear infections, your vet will prescribe ear drops or oral antibiotics. Clean your dog’s ears regularly to prevent infections. If age-related, consider training with visual cues to help your dog adapt."
62,Dog,Refusing to Lie Down,Pain (Musculoskeletal or Internal),Painful conditions like arthritis or abdominal discomfort could cause this behavior. A vet will perform diagnostic tests and may recommend pain relievers or physical therapy to improve your dog’s comfort.
63,Dog,Vomiting Blood,Gastrointestinal Ulcer,"Vomiting blood requires immediate veterinary attention. Your vet may prescribe medications to reduce stomach acid and allow ulcers to heal. In severe cases, surgery may be necessary. Keep your dog hydrated and follow dietary recommendations."
64,Dog,Swollen Face,Allergic Reaction,"If your dog’s face swells suddenly, it could be due to an allergic reaction. Administer antihistamines as directed by your vet, and avoid the allergen in the future. Severe reactions may require steroids or epinephrine."
65,Dog,Cloudy Urine,Bladder Infection or Crystals,Cloudy urine often indicates a urinary infection or bladder crystals. Your vet will recommend antibiotics and possibly a special diet to dissolve the crystals. Increase water intake to flush out the bladder.
66,Dog,Loose Stools,Dietary Indiscretion,"If your dog has loose stools due to eating something inappropriate, provide a bland diet like boiled chicken and rice for 24 hours. Ensure hydration and consult a vet if diarrhea persists beyond 48 hours."
67,Dog,Loss of Tail Movement,Tail Trauma or Nerve Damage,"Tail injuries may require rest, anti-inflammatory medications, or surgery depending on the severity. Keep your dog calm to prevent further injury, and consult a vet for proper diagnosis and treatment."
68,Dog,Sudden Weight Gain,Hypothyroidism,Hypothyroidism can cause weight gain and lethargy. Your vet will perform blood tests and prescribe thyroid hormone replacement therapy. Regular monitoring and diet adjustments will help manage the condition.
69,Dog,Skin Thickening,Malassezia Dermatitis,"Malassezia, a type of yeast, can cause skin thickening. Your vet will prescribe antifungal medications or medicated baths. Keep your dog’s skin dry and clean to prevent future infections."
70,Dog,Blood in Urine,Kidney Stones or Infection,"Blood in urine may indicate kidney stones or a urinary tract infection. Your vet will recommend increased water intake, antibiotics, and potentially surgery to remove the stones."
71,Dog,Dilated Pupils,Retinal Detachment,"Sudden dilated pupils may indicate retinal detachment or neurological issues. Immediate veterinary care is essential, and treatment may include surgery or medications to prevent permanent blindness."
72,Dog,Sudden Aggression,Brain Tumor or Pain,"Sudden aggression may be caused by a brain tumor or pain. A vet will perform diagnostic tests, such as an MRI, and may recommend surgery or medications to manage the symptoms. Pain management is also key."
73,Dog,Difficulty Eating,Dental Disease or Throat Obstruction,"Difficulty eating may be due to dental issues or throat problems. A vet will perform a dental exam and may recommend tooth extraction, antibiotics, or surgery to remove obstructions. A soft diet may be needed during recovery."
74,Dog,Rubbing Face on Ground,Eye Irritation or Dental Pain,"Rubbing the face may indicate eye discomfort or dental pain. A vet will perform an eye or dental exam and may prescribe eye drops, pain relievers, or dental work. Keep the eyes clean and monitor for further symptoms."
75,Dog,Rapid Breathing,Respiratory Distress or Pneumonia,Rapid breathing can indicate respiratory distress. A vet will perform chest X-rays and may provide oxygen therapy or antibiotics for pneumonia. Keep your dog calm and monitor for worsening symptoms.
76,Dog,Uncoordinated Movements,Vestibular Syndrome,"Vestibular syndrome affects balance and may resolve on its own. Provide a safe environment and consult a vet for supportive care. In severe cases, medication may be required for nausea and dizziness."
77,Dog,Excessive Shedding,Hormonal Imbalance or Skin Condition,"Excessive shedding can be due to hormonal imbalances like hypothyroidism or skin issues. Your vet may recommend hormone replacement therapy, supplements, or medicated shampoos to manage the shedding."
78,Dog,Muscle Tremors,Toxin Ingestion,"Muscle tremors can indicate poisoning. If you suspect toxin ingestion, seek immediate vet care. Treatment includes administering activated charcoal, IV fluids, and medications to manage symptoms."
79,Dog,Yellowing Skin (Jaundice),Liver Disease,"Yellowing of the skin and eyes indicates liver issues. Your vet will perform blood tests and may recommend medications, dietary changes, or surgery depending on the cause. Supportive care is essential."
80,Dog,Increased Appetite,Cushing's Disease,Increased appetite can be a symptom of Cushing’s disease. Your vet will perform diagnostic tests and prescribe medications to manage cortisol levels. Regular monitoring and dietary control are crucial for long-term care.
81,Dog,"Dark, Tarry Stool",Internal Bleeding,"Dark, tarry stool indicates internal bleeding. Immediate vet attention is necessary, and treatment may involve surgery, blood transfusions, or medications to stop the bleeding and manage underlying causes."
82,Dog,Frequent Sneezing,Nasal Infection or Irritants,Frequent sneezing may be due to a nasal infection or irritants. Your vet will prescribe antibiotics or recommend environmental changes to reduce allergens. Ensure your dog is in a dust-free environment.
83,Dog,Pale Skin,Anemia,"Anemia requires veterinary attention to determine the cause. Treatment may involve iron supplements, a special diet, or medications depending on the underlying condition. Regular monitoring is essential."
84,Dog,Gasping for Air,Tracheal Collapse,Tracheal collapse is common in small dogs and requires immediate vet attention. Treatment includes medications to reduce inflammation or surgery in severe cases. Keep your dog calm and avoid stress.
85,Dog,Swollen Gums,Gingivitis or Dental Disease,"Swollen gums can indicate gingivitis or other dental issues. Regular dental cleanings and brushing your dog’s teeth can prevent the condition. In severe cases, antibiotics or dental surgery may be required."
86,Dog,Loss of Smell,Nasal Tumor or Sinus Infection,"Loss of smell may be caused by nasal tumors or sinus infections. A vet will perform imaging tests to determine the cause, followed by surgery, radiation, or medications depending on the diagnosis."
87,Dog,Blue Gums,Cyanosis (Lack of Oxygen),"Blue gums are a sign of low oxygen levels and require immediate vet care. The vet may provide oxygen therapy and diagnose the underlying issue, such as heart or lung disease, for further treatment."
88,Dog,Skin Blisters,Autoimmune Disease or Allergies,Blisters may indicate an autoimmune condition or severe allergic reaction. Your vet will prescribe medications like steroids or antihistamines. Avoid known allergens and keep the skin clean and dry.
89,Dog,Increased Water Intake,Diabetes,Increased water intake can be a symptom of diabetes. Your vet will perform blood tests and recommend insulin injections and a special diet. Regular monitoring of blood sugar levels is crucial.
90,Dog,Sudden Blindness,Retinal Detachment or Diabetes,"Sudden blindness requires immediate vet attention. Retinal detachment may require surgery, while diabetes-related blindness can be managed with insulin therapy. Keep your dog in a safe environment."
91,Dog,Difficulty Swallowing,Esophageal Disorder,"Difficulty swallowing may indicate esophageal issues. Your vet will perform diagnostic tests and recommend soft food or surgery in severe cases. Feeding smaller, more frequent meals may help."
92,Dog,Bloodshot Eyes,Hypertension or Eye Infection,Bloodshot eyes can indicate high blood pressure or an infection. Your vet will perform tests and may prescribe medications to lower blood pressure or treat the infection. Keep the eyes clean and monitor for worsening symptoms.
93,Dog,Seizures,Epilepsy or Brain Tumor,"Seizures require veterinary diagnosis and treatment, which may include anti-seizure medications like phenobarbital. In the case of a brain tumor, surgery or radiation may be required. Regular monitoring is important."
94,Dog,Pale Gums,Shock or Anemia,"Pale gums can indicate shock or anemia, which requires immediate veterinary attention. Treatment may include IV fluids, blood transfusions, or medications depending on the underlying cause. Keep your dog calm and seek help quickly."
95,Dog,Reluctance to Drink,Dehydration or Kidney Disease,"If your dog refuses to drink, dehydration or kidney disease may be the cause. Your vet may recommend fluids, either orally or through an IV. Encourage your dog to drink by offering fresh water and monitoring intake closely."
96,Dog,Licking Paws Excessively,Allergies or Pain,"Excessive paw licking can indicate allergies or pain. Your vet will recommend allergy testing, medications, or topical treatments to reduce discomfort. Keep the paws clean and check for injuries."
97,Dog,Whining or Pacing,Anxiety or Pain,Whining and pacing often indicate anxiety or pain. Behavior modification and providing a calm environment can help. Consult a vet for pain management or anti-anxiety medications if the behavior persists.
98,Dog,Ear Odor,Ear Infection,Foul odors from the ears often indicate an infection. Your vet will clean the ears and prescribe antibiotics or antifungal drops. Regular ear cleaning can prevent future infections.
99,Dog,Coughing After Exercise,Heart Disease or Respiratory Issue,Coughing after exercise may indicate heart disease or respiratory issues. Your vet will perform diagnostic tests and may recommend medications or lifestyle changes to manage the condition. Keep exercise light and controlled.
100,Dog,Drooping Tail,Tail Injury or Infection,"A drooping tail can indicate injury or infection. Rest, anti-inflammatory medications, and antibiotics may be necessary. Avoid vigorous activity until the tail heals, and monitor for signs of infection."
101,Dog,Sudden Collapsing,Heatstroke or Heart Disease,"If your dog collapses suddenly, move them to a cool area and wet them with cool water. Seek immediate veterinary care to assess for heart disease or heatstroke."
102,Dog,Eye Discharge,Conjunctivitis,Clean the eyes with a damp cotton ball and consult a vet. Antibiotic eye drops or ointments may be prescribed to clear up the infection.
103,Dog,Excessive Lip Licking,Nausea or Anxiety,"If your dog is licking their lips excessively, offer bland food like boiled chicken and rice. For anxiety, try calming techniques or consult your vet for anti-anxiety medications."
104,Dog,Bald Spots,Mange or Allergies,Bald spots can be caused by mange or allergies. Your vet will prescribe medicated baths or oral treatments to address the underlying cause. Regular skin care is recommended.
105,Dog,Whimpering When Touched,Pain or Injury,"If your dog whimpers when touched, check for visible injuries and contact a vet. Pain management, including anti-inflammatory medications, may be needed after an examination."
106,Dog,Scratching at Ears,Ear Mites or Allergies,Clean your dog’s ears and apply prescribed ear mite treatments or antihistamines as advised by your vet. Regular cleaning can prevent further issues.
107,Dog,Refusing to Move,Arthritis or Spinal Problem,"Refusal to move may be due to arthritis or spinal issues. Your vet will recommend pain relief and anti-inflammatory medications. In severe cases, surgery may be required."
108,Dog,Wet Cough,Kennel Cough or Pneumonia,"A vet may prescribe antibiotics and recommend rest. In severe cases, hospitalization with oxygen therapy may be needed to treat pneumonia. Keep your dog isolated to prevent spreading infections."
109,Dog,Puffy Eyes,Glaucoma or Allergic Reaction,Immediate veterinary care is needed to reduce eye pressure if glaucoma is diagnosed. Allergies may be treated with antihistamines and eye drops. Regular eye checks are crucial.
110,Dog,Retching Without Vomit,Bloat (Gastric Dilatation-Volvulus),Bloat is a life-threatening emergency. Take your dog to the vet immediately for surgery to untwist the stomach. Prevent bloat by feeding small meals and avoiding exercise after eating.
111,Dog,Unexplained Weight Loss,Parasites or Cancer,Weight loss without a change in diet may indicate parasitic infections or cancer. Your vet will perform diagnostic tests and prescribe treatments such as deworming or chemotherapy.
112,Dog,Drinking Excessively,Diabetes or Kidney Disease,Increased thirst can be a sign of diabetes or kidney disease. Your vet will run blood and urine tests and may recommend insulin or a special diet. Monitor water intake carefully.
113,Dog,Thickened Skin,Hormonal Imbalance or Fungal Infection,Hormonal testing and antifungal treatments will be prescribed depending on the underlying cause. Regular skin care and hygiene can prevent recurrence.
114,Dog,Aggressive Growling,Fear or Territorial Behavior,"Behavioral training or the assistance of a professional dog trainer can help manage aggression. For fear-related issues, creating a safe, calm environment is key."
115,Dog,Crusty Ears,Ear Mites or Fungal Infection,"A vet will clean the ears and provide medicated drops. Ear mites are highly contagious, so isolation and regular ear care are crucial."
116,Dog,Panting in Cool Weather,Heart or Respiratory Issues,"If your dog pants excessively in cool weather, it could indicate heart or lung problems. Your vet will perform diagnostic tests and may recommend medications to manage the condition."
117,Dog,Slow-Healing Wounds,Infection or Immune Disorder,"Slow-healing wounds may require antibiotics and wound care from your vet. For immune disorders, treatments such as steroids may be prescribed to improve healing."
118,Dog,Inability to Climb Stairs,Arthritis or Hip Dysplasia,"Consult a vet for joint supplements, pain relief, or surgical options depending on the severity. Physical therapy can help improve mobility over time."
119,Dog,Rashes on Belly,Contact Dermatitis or Allergies,"Bathe your dog with a gentle, medicated shampoo and avoid known allergens. Your vet may prescribe antihistamines or topical treatments."
120,Dog,Loud Snoring,Obstructed Airway or Brachycephalic Syndrome,"Regular vet checks and weight management can help. In severe cases, surgery may be necessary to open the airway. Keep your dog’s sleeping area comfortable and quiet."
121,Dog,Diarrhea With Blood,Parvovirus or Hemorrhagic Gastroenteritis,"Blood in the stool is an emergency. Your vet will perform tests and may recommend hospitalization for fluids, antibiotics, or antiviral treatments. Isolation is important to prevent spreading the virus."
122,Dog,Sudden Limping,Fracture or Sprain,"Rest and ice the affected limb to reduce swelling. Consult your vet for X-rays to determine the severity and decide if a splint, cast, or surgery is necessary."
123,Dog,Constant Ear Scratching,Ear Infection or Foreign Object,Clean your dog’s ears and consult a vet for a full ear examination. The vet may remove foreign objects and prescribe antibiotics or antifungals.
124,Dog,Reluctance to Eat,Stomach Pain or Dental Problems,Encourage soft food if your dog refuses to eat due to pain. A vet will examine for dental issues or stomach discomfort and recommend appropriate medications or treatments.
125,Dog,Frequent Urination,Urinary Tract Infection or Diabetes,"A vet will conduct urine tests to diagnose the issue. Antibiotics may be prescribed for infections, while diabetes will require long-term management with insulin."
126,Dog,Scooting on Ground,Anal Gland Issues or Parasites,Express your dog’s anal glands manually or consult a vet to prevent discomfort. Parasite infections will require deworming treatments. Keep your dog’s rear clean to prevent infection.
127,Dog,Weakness in Limbs,Degenerative Myelopathy,"Degenerative myelopathy may progress over time, but supportive care such as physical therapy, joint supplements, and mobility aids can help. Consult your vet for ongoing treatment."
128,Dog,Excessive Tearing,Blocked Tear Duct or Eye Infection,"Your vet will flush the tear ducts or provide medicated eye drops. Regular cleaning of the eyes helps prevent infections. In chronic cases, surgery may be required to unblock the tear ducts."
129,Dog,Unexplained Paralysis,Tick Paralysis or Spinal Injury,Immediate veterinary attention is necessary. Your vet will remove ticks and provide supportive care for tick paralysis. Spinal injuries may require surgery or rehabilitation.
130,Dog,Frequent Licking of Joints,Joint Pain or Arthritis,"Joint supplements and pain medications prescribed by your vet can ease the discomfort. Gentle exercise, like swimming, can also help maintain mobility without putting stress on the joints."
131,Dog,Lethargy and Shivering,Cold Weather or Illness,"Keep your dog warm and hydrated. If the lethargy and shivering persist, it may indicate illness, such as an infection or fever, requiring vet evaluation."
132,Dog,Hiding or Avoiding Contact,Fear or Pain,"If your dog suddenly starts hiding, observe for signs of injury or illness. Consult your vet if this behavior continues to rule out underlying medical conditions or behavioral issues."
133,Dog,Vomiting Bile,Empty Stomach or Intestinal Blockage,"Feed small, frequent meals to prevent an empty stomach. If vomiting continues, consult your vet to check for possible blockages, which may require surgical intervention."
134,Dog,Nipping at Children,"Fear, Anxiety, or Poor Socialization",Work with a dog trainer to improve socialization and manage anxiety. Never leave your dog unsupervised around children until the behavior is under control. Desensitization training may help.
135,Dog,Bad Breath,Dental Disease or Kidney Issues,"Brush your dog’s teeth regularly and provide dental chews. If bad breath persists, consult your vet to check for dental issues or kidney disease. Dental cleanings may be necessary."
136,Dog,Trembling After Exercise,Fatigue or Overheating,"Provide water and rest after exercise. Avoid exercising in hot weather and limit strenuous activities. If trembling continues, consult your vet for a physical exam."
137,Dog,Runny Nose,Respiratory Infection,Clean your dog’s nose regularly and consult a vet if the discharge is green or yellow. Antibiotics may be prescribed for bacterial infections. Keep your dog warm and hydrated.
138,Dog,Trouble Standing Up,Arthritis or Neurological Disorder,"Anti-inflammatory medications and joint supplements prescribed by your vet can help improve mobility. In severe cases, surgery may be required. Physical therapy can also be beneficial."
139,Dog,Head Tilt,Vestibular Disease or Ear Infection,"Vestibular disease often resolves on its own, but vet care is necessary to monitor progress. Ear infections will require cleaning and antibiotics. In severe cases, supportive care is needed."
140,Dog,Overgrooming,Anxiety or Skin Infection,"Anxiety medications, as prescribed by your vet, can help reduce overgrooming. Skin infections may require topical treatments and oral antibiotics. Try to keep your dog occupied to avoid this behavior."
141,Dog,Loss of Appetite,Gastrointestinal Upset or Dental Issues,"Serve bland food like boiled chicken and rice. If the appetite loss persists, consult your vet to check for dental or gastrointestinal issues, which may require medications or dental work."
142,Dog,Drooling Excessively,Nausea or Dental Problems,Excessive drooling can be a sign of nausea or dental disease. Your vet may prescribe anti-nausea medications or perform a dental checkup. Keep your dog’s mouth clean and hydrated.
143,Dog,Dry Nose,Dehydration or Fever,"Ensure your dog has access to fresh water and monitor for signs of dehydration. If your dog’s nose remains dry and warm, consult a vet for an examination and possible fever-reducing treatments."
144,Dog,Constant Barking,"Boredom, Anxiety, or Separation Anxiety","Provide mental stimulation and regular exercise to alleviate boredom. For anxiety, consult a vet for behavioral modification techniques or medications to manage the issue. Consistent training helps."
145,Dog,Shaking Head Frequently,Ear Infection or Mites,Your vet will check for infections or mites and provide medicated ear drops. Regular cleaning of your dog’s ears can prevent the condition from recurring. Avoid inserting objects into the ears.
146,Dog,Swollen Limbs,Infection or Lymphatic Obstruction,A vet will perform tests to determine the cause of the swelling and may recommend antibiotics or diuretics. Keep your dog rested and avoid physical activity until the swelling subsides.
147,Dog,Squinting Eyes,Eye Infection or Glaucoma,Glaucoma requires immediate vet care to relieve pressure. Eye infections may be treated with medicated eye drops. Keep your dog’s eyes clean and monitor for any further symptoms.
148,Dog,Gurgling Stomach Sounds,Hunger or Gastrointestinal Issues,"Offer small, frequent meals and ensure your dog drinks enough water. If the gurgling is accompanied by vomiting or diarrhea, consult your vet to rule out gastrointestinal issues."
149,Dog,Foaming at the Mouth,"Nausea, Anxiety, or Poisoning","If foaming is due to nausea or anxiety, your vet may prescribe anti-nausea or calming medications. For suspected poisoning, immediate vet care is required. Bring your dog’s medical history for assessment."
150,Dog,Fur Loss Around Eyes,Mites or Allergies,Your vet will prescribe mite treatments or allergy medications. Keep the eye area clean and monitor for any further signs of infection. Grooming may help prevent fur loss.
151,Dog,Hair Loss on Tail,Fleas or Allergies,Flea treatment such as topical medications or oral tablets may be prescribed by your vet. Antihistamines can help with allergies. Regular grooming is recommended.
152,Dog,Swollen Belly,Bloat or Internal Bleeding,"Bloat is a life-threatening emergency requiring immediate veterinary intervention, possibly surgery. For internal bleeding, an ultrasound or X-rays may be needed to locate the source, followed by surgery."
153,Dog,Constant Pacing,Anxiety or Cognitive Dysfunction,Provide a safe space and use calming aids such as pheromone sprays or anti-anxiety medications. Older dogs may need supplements for cognitive support. Consult your vet for treatment options.
154,Dog,Eyes Constantly Watering,Conjunctivitis or Eye Irritation,Your vet may prescribe antibiotic eye drops or ointments for conjunctivitis. Keeping the eyes clean and free of debris can help prevent further irritation.
155,Dog,Gagging,Kennel Cough or Throat Irritation,"Your vet may prescribe cough suppressants or antibiotics if an infection is present. Keeping your dog in a calm, humid environment can also help soothe the throat."
156,Dog,Limping After Sleeping,Arthritis or Muscle Stiffness,"Warm compresses, joint supplements, and gentle exercise can help alleviate stiffness. Your vet may also prescribe anti-inflammatory medications. Regular mobility exercises are beneficial."
157,Dog,"Red, Irritated Gums",Gingivitis or Dental Disease,Brush your dog’s teeth regularly and consult your vet for a professional cleaning. Antibiotics may be required if an infection is present. Dental chews can help reduce plaque buildup.
158,Dog,Tail Chasing,Boredom or Compulsive Behavior,"Increase physical and mental stimulation with toys and regular exercise. For compulsive behaviors, consult a vet or dog trainer for behavior modification techniques."
159,Dog,Swollen Paws,Injury or Allergic Reaction,Soak the paw in warm water with Epsom salts and apply a bandage. Consult a vet for anti-inflammatory or allergy medications if swelling persists.
160,Dog,Weakness in Back Legs,Hip Dysplasia or Degenerative Myelopathy,"Your vet may prescribe joint supplements, pain relief, or surgery in severe cases. Physical therapy and mobility aids can also help manage symptoms."
161,Dog,Grunting While Breathing,Respiratory Infection or Obstruction,Your vet will perform a physical exam and may recommend antibiotics or surgery to clear the airway if an obstruction is present. Keep your dog’s living space clean and dust-free.
162,Dog,Fever,Infection or Inflammation,Monitor your dog’s temperature and keep them hydrated. Your vet may prescribe antibiotics or anti-inflammatory drugs depending on the underlying cause. Rest is essential for recovery.
163,Dog,Sudden Seizures,Epilepsy or Poisoning,"Seizures require immediate veterinary care. Your vet may prescribe anti-seizure medications if epilepsy is diagnosed. If poisoning is suspected, immediate detox treatment may be necessary."
164,Dog,Foul Odor From Ears,Ear Infection or Yeast Overgrowth,Clean the ears with a vet-recommended solution and apply medicated ear drops. Yeast overgrowth requires antifungal treatment. Regular ear cleaning is crucial to prevent recurrence.
165,Dog,Dry Skin,Skin Allergies or Hypothyroidism,"Moisturizing shampoos and supplements like omega-3 fatty acids can help improve skin condition. If hypothyroidism is diagnosed, your vet will prescribe thyroid hormone replacement therapy."
166,Dog,Whining Constantly,Pain or Anxiety,"If your dog is whining due to pain, your vet may recommend pain management options such as NSAIDs. For anxiety, calming supplements or behavioral training may help alleviate the issue."
167,Dog,Hair Loss on Nose,Mites or Autoimmune Disease,Your vet may prescribe mite treatments or immunosuppressive drugs for autoimmune conditions. Regular grooming and care of the nose area can help prevent infection.
168,Dog,Dragging Back Legs,Spinal Cord Injury or Degenerative Disease,Immediate veterinary attention is necessary. Your vet may perform imaging tests and recommend surgery or physical therapy to manage the condition. Wheelchairs or mobility aids can help.
169,Dog,Excessive Panting at Night,Heart Disease or Anxiety,Your vet may recommend a cardiac workup if heart disease is suspected. Anxiety treatments such as calming supplements or medications may help if panting is related to stress.
170,Dog,Crusty Skin Around Eyes,Demodectic Mange or Eye Infection,"Medicated baths and topical ointments may be prescribed for mange. If the issue is an eye infection, antibiotic eye drops and regular cleaning will be necessary. Keep the skin area clean."
171,Dog,Vomiting After Eating,Gastric Irritation or Food Allergies,"Feeding smaller, more frequent meals can help reduce vomiting. If food allergies are suspected, your vet may recommend a hypoallergenic diet. Monitor your dog for signs of bloating or discomfort."
172,Dog,Coughing Up Blood,Lung Disease or Foreign Object,Immediate veterinary care is required. Your vet will perform imaging tests and may recommend surgery or medications depending on the underlying cause. Prevent your dog from chewing foreign objects.
173,Dog,Hunched Back,Back Pain or Pancreatitis,Rest is essential. Your vet may prescribe pain relief and anti-inflammatory medications if back pain is diagnosed. Pancreatitis requires a low-fat diet and supportive care.
174,Dog,Loss of Fur Around Mouth,Fungal Infection or Dental Disease,"Fungal infections are treated with antifungal medications and topical creams. If dental disease is present, a professional cleaning and possible extractions may be necessary."
175,Dog,Rubbing Face on Furniture,Allergies or Ear Infection,"Clean your dog’s face and ears regularly. If allergies are diagnosed, antihistamines or allergy shots may be recommended. Your vet may prescribe ear drops for infections."
176,Dog,Reluctance to Jump,Joint Pain or Spinal Issues,"Pain management, including joint supplements or NSAIDs, may be prescribed by your vet. Physical therapy or surgery may be needed in severe cases. Provide ramps to help your dog access furniture."
177,Dog,Loss of Vision,Cataracts or Retinal Disease,"Cataracts may require surgery to restore vision. Retinal diseases may not be treatable, but keeping your dog’s environment consistent can help them navigate safely."
178,Dog,Stiffness After Resting,Arthritis or Lyme Disease,"Gentle exercise, joint supplements, and anti-inflammatory medications can help alleviate stiffness. Lyme disease requires antibiotics and supportive care."
179,Dog,Gagging After Drinking Water,Tracheal Collapse or Laryngeal Paralysis,"Tracheal collapse may require weight management and medications to ease breathing. In severe cases, surgery may be needed. Your vet will evaluate your dog for further treatment."
180,Dog,Hot Spots,Bacterial Infection or Allergies,Clean the hot spot with an antiseptic solution and apply medicated creams. Your vet may prescribe antibiotics if the infection spreads. Keep the area clean and prevent your dog from licking.
181,Dog,Bleeding Gums,Periodontal Disease or Trauma,"Brush your dog’s teeth regularly and provide dental chews to reduce plaque. If trauma is suspected, your vet will examine the mouth for injuries and may prescribe antibiotics if needed."
182,Dog,Weight Gain Without Diet Change,Hypothyroidism or Cushing’s Disease,Blood tests will determine if your dog has hypothyroidism or Cushing’s disease. Your vet will prescribe hormone replacement therapy or medications to manage the condition.
183,Dog,Dandruff,Dry Skin or Poor Nutrition,Regular grooming and moisturizing shampoos can help reduce dandruff. Improving your dog’s diet with omega-3 fatty acids and balanced nutrition will also promote healthy skin.
184,Dog,Hiccupping,Gastric Irritation or Excitement,"Hiccups are usually harmless and go away on their own. If they persist, feeding smaller meals and ensuring your dog stays calm during eating may help. Consult your vet if hiccups continue."
185,Dog,Gasping for Breath,Respiratory Infection or Tracheal Collapse,Immediate veterinary care is necessary. Your vet may prescribe antibiotics for infections or recommend surgery for tracheal collapse. Keep your dog’s environment calm and smoke-free.
186,Dog,Loss of Coordination,Neurological Disorder or Inner Ear Infection,"Your vet will perform diagnostic tests to determine the cause. Medications may be prescribed to manage symptoms. In some cases, physical therapy may be recommended to improve coordination."
187,Dog,Pawing at Eyes,Eye Irritation or Corneal Ulcer,"Gently clean your dog’s eyes and consult your vet for antibiotic eye drops if an infection is present. For corneal ulcers, your vet may recommend surgery or specialized eye drops."
188,Dog,Fainting,Heart Disease or Low Blood Sugar,"Your vet will perform tests to check for heart disease and may prescribe medications. If low blood sugar is suspected, feeding small, frequent meals can help stabilize your dog’s condition."
189,Dog,Frequent Urination,Urinary Tract Infection or Diabetes,"Your vet may recommend a urine test and prescribe antibiotics for a UTI. If diabetes is diagnosed, insulin therapy and a controlled diet will be necessary to manage the condition."
190,Dog,Whimpering When Touched,Pain or Anxiety,"Consult your vet to identify the source of the pain. They may recommend pain relief options such as NSAIDs. For anxiety, calming techniques or medications may be used to soothe your dog."
191,Dog,Excessive Snoring,Obesity or Respiratory Obstruction,"Weight loss can reduce snoring in overweight dogs. If respiratory obstruction is suspected, surgery may be necessary to clear the airway. A calm sleeping environment can also help."
192,Dog,Pus from Eyes,Eye Infection or Injury,"Clean the eyes gently with a vet-recommended solution. Your vet may prescribe antibiotic eye drops or ointment to treat the infection. In case of injury, further treatment may be required."
193,Dog,Foul Breath,Dental Disease or Gastrointestinal Issues,"Regular brushing and dental cleanings are important for preventing bad breath. If gastrointestinal issues are present, a diet change or vet-recommended supplements may be needed."
194,Dog,Weakness in Front Legs,Nerve Damage or Injury,"Your vet may recommend imaging tests to determine the cause of weakness. Physical therapy, medications, or surgery may be required based on the diagnosis. Mobility aids can assist with walking."
195,Dog,Hives,Allergic Reaction,"Antihistamines prescribed by your vet can help reduce hives. Avoid known allergens, and use hypoallergenic shampoos or medications as needed. Monitor your dog closely for any recurrence."
196,Dog,Panting Excessively Indoors,Heatstroke or Anxiety,"Ensure your dog has access to fresh water and a cool environment. For anxiety-related panting, calming supplements or medications may be recommended by your vet. Monitor for further symptoms."
197,Dog,Limp Tail,Tail Injury or Cold Water Tail Syndrome,"Rest is essential for recovery. Your vet may recommend anti-inflammatory medications if an injury is diagnosed. Cold water tail syndrome, often seen in dogs after swimming, typically resolves on its own."
198,Dog,Difficulty Eating,Dental Disease or Jaw Injury,"A dental exam will determine if extractions or cleaning are necessary. If jaw injury is diagnosed, surgery or a soft food diet may be recommended by your vet to help your dog recover."
199,Dog,Unable to Hold Urine,Urinary Incontinence or Spinal Issue,"Incontinence medications or surgery may be necessary based on your vet’s diagnosis. For spinal issues, rest and physical therapy can help improve bladder control. Provide frequent bathroom breaks."
200,Dog,Twitching Muscles,Nerve Damage or Seizure Disorder,Your vet may perform tests to determine the cause and prescribe medications to manage nerve pain or seizures. Gentle massages and warm compresses can help soothe muscle twitching.
1,Cat,Sneezing,Upper Respiratory Infection,"Keep your cat in a warm, humid environment to soothe the respiratory system. Your vet may prescribe antibiotics if a bacterial infection is present."
2,Cat,Coughing,Asthma or Hairballs,"Hairball remedies like lubricants can help. If asthma is suspected, your vet may prescribe bronchodilators or corticosteroids."
3,Cat,Lethargy,Feline Leukemia Virus (FeLV) or Anemia,"Your vet will conduct blood tests to diagnose the condition. FeLV requires supportive care, while anemia may need iron supplements or blood transfusions."
4,Cat,Vomiting,Gastrointestinal Upset or Ingestion of Toxic Substance,"Withhold food for 12-24 hours, then reintroduce a bland diet. For toxins, immediate vet attention is needed. Induce vomiting if instructed by your vet."
5,Cat,Diarrhea,Parasites or Dietary Indiscretion,Your vet may prescribe dewormers for parasites. Ensure your cat stays hydrated and offer bland food like boiled chicken and rice.
6,Cat,Weight Loss,Hyperthyroidism or Diabetes,"Your vet will run blood tests. Hyperthyroidism is managed with medications, while diabetes requires insulin therapy and a regulated diet."
7,Cat,Scratching Ears,Ear Mites or Infection,Your vet may prescribe medicated ear drops to treat mites or infections. Clean the ears gently with a vet-approved solution.
8,Cat,Loss of Appetite,Kidney Disease or Dental Problems,Offer highly palatable food and schedule a vet exam to check kidney function or dental issues. Prescription diets may be necessary.
9,Cat,Excessive Grooming,Stress or Allergies,"Reducing stressors in the environment can help, and your vet may recommend antihistamines or steroids for allergies. Provide interactive toys to reduce anxiety."
10,Cat,Limping,Injury or Arthritis,Rest and limited activity are essential. Your vet may prescribe pain relief or anti-inflammatory medications for arthritis. X-rays may be needed to check for injuries.
11,Cat,Bad Breath,Dental Disease or Kidney Disease,"Regular teeth brushing and dental cleanings are important. If kidney disease is diagnosed, your vet will prescribe medication and a special diet."
12,Cat,Difficulty Breathing,Asthma or Heart Disease,"Immediate vet care is necessary. Asthma is treated with inhalers or steroids, while heart disease may require medications to improve heart function."
13,Cat,Hair Loss on Back,Fleas or Skin Infection,Flea treatment such as spot-on medications may be required. Your vet may also prescribe antibiotics for any infections present. Regular grooming can help.
14,Cat,Blood in Urine,Urinary Tract Infection or Bladder Stones,Your vet may prescribe antibiotics for infections or recommend a special diet to dissolve bladder stones. Increase water intake by offering wet food.
15,Cat,Swollen Gums,Gingivitis or Feline Stomatitis,Regular dental care is essential. Your vet may recommend dental cleanings or extractions for severe cases. Antibiotics may be prescribed for infections.
16,Cat,Watery Eyes,Conjunctivitis or Allergies,Your vet may prescribe antibiotic eye drops or ointments. Keeping the eyes clean and free from debris can prevent further irritation.
17,Cat,Purring While Eating,Dental Disease or Jaw Injury,Schedule a dental exam to check for issues like tooth decay or injury. Your vet may recommend extractions or a soft food diet to alleviate discomfort.
18,Cat,Hiding More Often,Pain or Stress,Provide a calm environment and monitor for signs of pain. Your vet may prescribe pain relief if a physical issue is diagnosed. Behavioral enrichment can help reduce stress.
19,Cat,Drooling,Dental Disease or Nausea,Drooling is often a sign of nausea or dental issues. Your vet may prescribe anti-nausea medications or recommend a dental exam for further care.
20,Cat,Frequent Yowling,Hyperthyroidism or Anxiety,"Your vet will perform blood tests to check thyroid levels. For anxiety, calming pheromone diffusers or anti-anxiety medications may help."
21,Cat,Swollen Belly,Feline Infectious Peritonitis (FIP) or Fluid Retention,"FIP requires supportive care, while fluid retention may need diuretics. Regular vet checkups are important for monitoring progress."
22,Cat,Shaking Head,Ear Infection or Ear Mites,Your vet will check for mites or infections and may prescribe medicated ear drops. Regular ear cleaning can help prevent recurrence.
23,Cat,Constipation,Dehydration or Megacolon,Increase water intake by offering wet food and adding fiber to the diet. Your vet may prescribe stool softeners or medications for megacolon.
24,Cat,Excessive Meowing,Cognitive Dysfunction or Hunger,"For cognitive dysfunction, your vet may recommend supplements or medications to improve brain function. Ensure your cat is getting enough food and regular feeding times."
25,Cat,Head Tilt,Vestibular Disease or Ear Infection,"Vestibular disease often resolves on its own, but ear infections require treatment with antibiotics or antifungal medications. Keep your cat in a quiet, safe area while recovering."
26,Cat,Nosebleeds,Trauma or High Blood Pressure,"Apply pressure to the nose and keep your cat calm. Your vet will assess the underlying cause, and treatment for high blood pressure may involve medications."
27,Cat,Sudden Blindness,Retinal Detachment or Hypertension,"Immediate vet care is necessary. If retinal detachment is caught early, treatment may restore vision. Hypertension is managed with medications and diet changes."
28,Cat,Dandruff,Dry Skin or Allergies,Regular grooming and moisturizing shampoos can help reduce dandruff. Your vet may recommend antihistamines or a diet change for allergies.
29,Cat,Scratching at Mouth,Dental Pain or Oral Infection,A dental exam is necessary to check for tooth decay or infections. Your vet may recommend extractions or antibiotics for oral infections.
30,Cat,Chewing on Objects,Dental Pain or Anxiety,Provide safe chew toys and have a vet check for dental problems. Anxiety-relieving toys or pheromone diffusers can help reduce destructive chewing.
31,Cat,Panting,Heatstroke or Respiratory Issues,Move your cat to a cool area and offer water. Panting due to heatstroke requires immediate vet attention. Respiratory issues may need medications to ease breathing.
32,Cat,Tail Flicking,Irritation or Pain,"Check your cat’s tail for injuries or irritants. If pain is suspected, your vet may recommend pain relief or further diagnostics."
33,Cat,Pale Gums,Anemia or Shock,"Your vet will run blood tests to diagnose anemia and may prescribe supplements or a transfusion. Shock requires immediate care, including IV fluids and stabilization."
34,Cat,Vomiting After Eating,Hairballs or Food Sensitivity,"Hairball control treatments, like laxatives, can help. Your vet may recommend switching to a hypoallergenic diet for food sensitivities."
35,Cat,Excessive Drinking,Diabetes or Kidney Disease,"Your vet will perform blood tests to check for diabetes or kidney disease. Diabetes requires insulin therapy, while kidney disease is managed with a special diet and medications."
36,Cat,Shivering or Trembling,Hypothermia or Fever,"Warm your cat gradually if hypothermia is suspected. Fever requires vet evaluation, and your vet may prescribe medications to lower the fever."
37,Cat,Inability to Jump,Arthritis or Muscle Injury,Your vet may prescribe joint supplements or pain relief for arthritis. Muscle injuries require rest and limited activity. Physiotherapy may help with recovery.
38,Cat,Gurgling Stomach,Hunger or Gastrointestinal Upset,"Offer small, frequent meals and ensure your cat drinks enough water. If gurgling persists, consult your vet for potential gastrointestinal issues."
39,Cat,Straining to Urinate,Urinary Tract Infection or Bladder Stones,Immediate vet attention is necessary. Your vet may prescribe antibiotics or recommend a special diet to dissolve bladder stones. Increase your cat’s water intake.
40,Cat,Discharge from Eyes,Conjunctivitis or Feline Herpes Virus,Clean your cat’s eyes regularly and apply vet-prescribed antibiotic or antiviral eye drops. Your vet may recommend supportive
41,Cat,Clumsiness,Neurological Issues or Arthritis,"Your vet may recommend imaging tests to determine the cause. If arthritis is diagnosed, medications or supplements may help improve mobility."
42,Cat,Changes in Coat Texture,Nutritional Deficiencies or Allergies,"A balanced diet rich in fatty acids can improve coat health. If allergies are suspected, your vet may suggest dietary changes or hypoallergenic food."
43,Cat,Pacing,Stress or Hyperthyroidism,Provide a calm environment with enrichment activities. Your vet may prescribe medications for hyperthyroidism or anxiety relief.
44,Cat,Frequent Grooming,Allergies or Fleas,Regular flea prevention and antihistamines can help with allergies. Keep your cat's environment clean and free of irritants.
45,Cat,Gagging,Hairballs or Throat Irritation,"Hairball remedies can help prevent gagging. If throat irritation persists, consult your vet for potential underlying issues."
46,Cat,Swollen Limbs,Infection or Allergic Reaction,Your vet will examine the affected limbs and may prescribe anti-inflammatory medications or antibiotics if an infection is present.
47,Cat,Inactivity,Pain or Depression,Assess your cat’s environment for stressors. Consult your vet for pain management options or behavioral therapy for depression.
48,Cat,Coughing Up Hairballs,Excessive Grooming or Poor Diet,Regular brushing can help reduce hairballs. Consider a high-fiber diet or hairball control treats to assist with digestion.
49,Cat,Difficulty Walking,Arthritis or Injury,"Pain relief medications and weight management are important for arthritic cats. For injuries, your vet may recommend rest and rehabilitation."
50,Cat,Sudden Aggression,Pain or Fear,Observe for signs of injury or illness. Your vet may recommend pain relief or behavioral interventions to help manage aggression.
51,Cat,Blue Tinge on Tongue,Respiratory Distress or Heart Disease,Immediate vet evaluation is essential. Treatment may involve oxygen therapy and medications to improve heart function or manage respiratory conditions.
52,Cat,Swollen Abdomen,Liver Disease or Fluid Accumulation,Your vet will perform imaging tests to diagnose the cause. Treatment may include medication for liver support or procedures to remove excess fluid.
53,Cat,Itchy Skin,Fleas or Allergic Dermatitis,Treat with topical flea medications or oral antihistamines. Regular grooming can help remove allergens from the coat.
54,Cat,Change in Vocalization,Pain or Stress,"Monitor for signs of pain and consult your vet. Providing a safe, stress-free environment can help reduce vocalization caused by anxiety."
55,Cat,Seizures,Epilepsy or Poisoning,Immediate vet care is critical. Your vet may prescribe anticonvulsant medications and determine if toxins are involved for potential treatment.
56,Cat,Panting After Activity,Overexertion or Heart Disease,"Ensure your cat has access to water and breaks during play. If panting persists, consult your vet for a heart evaluation."
57,Cat,Excessive Yawning,Stress or Pain,Create a calming environment and observe for signs of pain. Consult your vet if yawning is frequent and associated with other symptoms.
58,Cat,Inflammation Around Eyes,Allergies or Conjunctivitis,Apply a vet-recommended eye wash and consult your vet for possible allergy management or antibiotic treatment for conjunctivitis.
59,Cat,Hunched Posture,Pain or Illness,"Monitor for signs of pain and consult your vet. Treatment will depend on the underlying condition, including pain relief or medication for illness."
60,Cat,Behavioral Changes,Stress or Illness,Assess environmental factors and consult your vet for potential underlying issues. Behavioral therapy or medications may be necessary for severe cases.
61,Cat,Dull Coat,Nutritional Deficiencies or Health Issues,A balanced diet rich in vitamins and fatty acids can enhance coat health. Your vet may recommend dietary supplements or a specialized diet.
62,Cat,Rapid Weight Gain,Hypothyroidism or Overeating,Consult your vet for a weight management plan. Hypothyroidism requires medication and dietary adjustments to regulate metabolism.
63,Cat,Tearing,Allergies or Eye Infection,Clean the eyes gently and consult your vet for appropriate eye drops or medications to treat underlying causes.
64,Cat,Popping Sound in Joints,Arthritis or Joint Injury,Maintain a healthy weight and consider joint supplements. Consult your vet for pain relief options or physical therapy if necessary.
65,Cat,Foul Smelling Urine,Urinary Tract Infection,Immediate vet evaluation is essential. Your vet may prescribe antibiotics and recommend increasing water intake to prevent further infections.
66,Cat,Restlessness,Pain or Anxiety,Provide a calming environment and monitor for pain symptoms. Consult your vet for pain management options or behavioral treatments.
67,Cat,Sore or Bleeding Gums,Dental Disease,Regular dental care is crucial. Your vet may recommend dental cleanings or extractions depending on the severity of the disease.
68,Cat,Difficulty Jumping,Arthritis or Obesity,Encourage a healthy weight through diet and exercise. Pain relief and joint supplements may help with arthritis-related issues.
69,Cat,Changes in Behavior,Pain or Illness,Monitor closely for any additional symptoms. Consult your vet for evaluation and potential treatment for underlying issues.
70,Cat,Excessive Thirst,Kidney Disease or Diabetes,"Your vet will perform blood tests to diagnose the issue. Kidney disease requires dietary management, while diabetes may need insulin therapy."
71,Cat,Limping in Back Legs,Injury or Hip Dysplasia,Rest and limited activity are important for recovery. Your vet may recommend pain relief and rehabilitation for hip dysplasia.
72,Cat,Skin Lesions,Fungal Infection or Allergies,Your vet may prescribe antifungal medications or antihistamines for allergies. Keeping the skin clean and dry can help prevent infections.
73,Cat,Changes in Litter Box Habits,Urinary Tract Infection or Stress,"Monitor your cat’s litter box behavior. If urinating outside the box persists, consult your vet for potential infections or behavioral interventions."
74,Cat,Breathing with Open Mouth,Respiratory Distress or Heat Stroke,Immediate vet care is essential. Treatment may involve oxygen therapy and cooling measures if heat stroke is suspected.
75,Cat,Sluggishness,Dehydration or Systemic Illness,Ensure your cat has access to fresh water and consult your vet for potential hydration therapy or treatments for underlying illness.
76,Cat,Licking Paws Excessively,Allergies or Injury,"Check for signs of injury or allergens on paws. Consult your vet for appropriate treatment, including antihistamines or topical solutions."
77,Cat,Excessive Scratching,Fleas or Allergies,Regular flea prevention and antihistamines can alleviate scratching. Consult your vet for potential allergens and skin treatments.
78,Cat,Not Using Litter Box,Stress or Urinary Issues,"Assess potential stressors in the environment. If urinary issues are suspected, consult your vet for evaluation and treatment."
79,Cat,Difficulty Swallowing,Oral or Throat Issues,Consult your vet for an examination. Treatment may involve medication or surgical intervention depending on the underlying cause.
80,Cat,High-Pitched Yowling,Pain or Attention-Seeking,Monitor for signs of distress or discomfort. Provide attention and consult your vet for pain management if necessary.
81,Cat,Flaky Skin,Dry Skin or Allergies,Regular grooming and moisturizing products can help. Consult your vet for allergy testing or dietary changes to improve skin health.
82,Cat,Unusual Aggression,Pain or Fear,Observe for any signs of pain and consult your vet for evaluation. Addressing environmental stressors may also help alleviate aggression.
83,Cat,Weakness in Hind Legs,Neurological Issues or Injury,Your vet may recommend imaging tests and provide rehabilitation options depending on the diagnosis. Pain relief may also be necessary.
84,Cat,Picky Eating,Dental Issues or Stress,Monitor for signs of dental problems and schedule a vet exam. Create a calm feeding environment and try various food textures to encourage eating.
85,Cat,Increased Vocalization,Stress or Hyperthyroidism,Provide a calm environment and consult your vet for potential treatments if vocalization persists or is associated with other symptoms.
86,Cat,Vomiting After Eating,Eating Too Quickly or Gastrointestinal Issues,"Use a slow feeder to prevent rapid eating. If vomiting persists, consult your vet for further evaluation and potential dietary adjustments."
87,Cat,Skin Redness,Allergies or Skin Infection,Keep the area clean and consult your vet for topical treatments or antihistamines to alleviate redness and discomfort.
88,Cat,Breathing Difficulty,Asthma or Allergies,"Consult your vet for diagnosis. Treatment may include bronchodilators or anti-inflammatory medications, as well as environmental management to reduce allergens."
89,Cat,Hair Loss,Allergies or Stress,Consult your vet to determine the cause. Treatment may involve allergy testing or changes in diet and grooming habits to minimize stress.
90,Cat,Teeth Grinding,Pain or Stress,Assess for dental issues and consult your vet for evaluation. Treatment may involve dental care and pain management options.
91,Cat,Loss of Coordination,Neurological Issues or Toxicity,"Immediate vet care is necessary. Treatment will depend on the underlying cause, including detoxification for poisoning cases."
92,Cat,Excessive Whisker Growth,Nutritional Imbalance,A well-balanced diet can help restore normal whisker length. Consult your vet for dietary recommendations and potential nutrient deficiencies.
93,Cat,Poor Appetite,Dental Problems or Illness,"Your vet will assess for underlying health issues and recommend treatments, which may include dental cleanings or medications to stimulate appetite."
94,Cat,Stumbling,Neurological Issues or Injury,"Your vet may recommend diagnostic tests to determine the cause. Treatment will vary based on the underlying condition, including rehabilitation if necessary."
95,Cat,Yellowing of the Eyes,Liver Disease or Jaundice,"Immediate vet evaluation is essential. Treatment may involve liver support, dietary changes, or addressing underlying causes of jaundice."
96,Cat,Unusual Lethargy,Anemia or Infection,"Consult your vet for blood tests to diagnose the issue. Treatment will depend on the underlying cause, including medications or dietary changes."
97,Cat,Back Pain,Arthritis or Injury,Pain relief medications and weight management can help. Consult your vet for an appropriate treatment plan based on the diagnosis.
98,Cat,Abnormal Heart Rate,Heart Disease or Stress,Your vet may perform diagnostic tests to assess heart health. Treatment may include medications or dietary adjustments for heart disease management.
99,Cat,Sudden Loss of Vision,Eye Disease or Systemic Illness,Immediate vet evaluation is critical. Treatment may involve medications or surgical intervention depending on the cause of vision loss.
100,Cat,Excessive Sneezing,Allergies or Respiratory Infection,"Your vet may recommend antihistamines or antibiotics, depending on the underlying cause. Keeping your cat’s environment free of allergens is essential."
101,Cat,Sneezing,Allergies or Respiratory Infection,"Use a humidifier to ease breathing, and consult your vet for antihistamines or antibiotics if necessary."
102,Cat,Overly Vocal,Stress or Hyperthyroidism,Provide a calm environment and consult your vet for stress management or treatment options for thyroid issues.
103,Cat,Hiding,Stress or Illness,"Identify stressors in the environment. Consult your vet if hiding is persistent, as it may indicate health concerns."
104,Cat,Difficulty Breathing,Asthma or Heart Disease,Consult your vet immediately for diagnosis. Treatment may include bronchodilators or oxygen therapy.
105,Cat,Change in Sleep Patterns,Stress or Pain,"Monitor for signs of pain or distress. A comfortable, quiet space can help. Consult your vet if changes are significant."
106,Cat,Excessive Grooming,Stress or Allergies,"Provide a calm environment and consult your vet for possible treatments, including anti-anxiety medications or allergy testing."
107,Cat,Bad Breath,Dental Disease,Regular dental cleanings are essential. Your vet may recommend professional dental care and home dental products.
108,Cat,Unexplained Weight Loss,Hyperthyroidism or Cancer,"Your vet will perform tests to diagnose the issue. Treatment may involve medications, dietary changes, or more intensive therapies."
109,Cat,Blood in Urine,Urinary Tract Infection or Stones,"Immediate vet evaluation is essential. Treatment may include antibiotics, dietary management, or surgical intervention for stones."
110,Cat,Frequent Thirst,Kidney Disease or Diabetes,Your vet may recommend increased water intake and a specialized diet. Diabetes may require insulin therapy.
111,Cat,Unusual Aggression,Pain or Fear,Observe for signs of injury or illness. Consult your vet for pain management and behavior modification strategies.
112,Cat,Discharge from Eyes,Allergies or Conjunctivitis,"Clean the eyes gently and consult your vet for treatment options, which may include antibiotics or antihistamines."
113,Cat,Swollen Abdomen,Fluid Accumulation or Liver Disease,Your vet will perform imaging to diagnose the cause. Treatment may involve diuretics or dietary management.
114,Cat,Inability to Jump,Arthritis or Obesity,Encourage a healthy weight through diet and exercise. Pain relief and joint supplements may help if arthritis is diagnosed.
115,Cat,Excessive Scratching,Fleas or Allergies,Regular flea prevention is crucial. Consult your vet for antihistamines or topical treatments for skin irritation.
116,Cat,Vomiting,Hairballs or Gastrointestinal Issues,"Regular grooming can help prevent hairballs. If vomiting persists, consult your vet for dietary recommendations."
117,Cat,Stomach Bloating,Gastrointestinal Issues or Obstruction,"Consult your vet for an examination. Treatment may involve dietary changes, medications, or surgery if an obstruction is present."
118,Cat,Poor Appetite,Illness or Stress,Monitor your cat for other symptoms and consult your vet for potential underlying causes and treatments to stimulate appetite.
119,Cat,Red or Swollen Gums,Dental Disease,"Regular dental care is essential. Your vet may recommend cleanings, extractions, or medications to address gum disease."
120,Cat,Weakness or Lethargy,Anemia or Infection,"Immediate vet evaluation is necessary. Treatment will depend on the underlying cause, including iron supplements or antibiotics."
121,Cat,Changes in Urination,Urinary Tract Infection,Consult your vet if you notice changes. Treatment may involve antibiotics and dietary management to prevent future infections.
122,Cat,Inability to Groom,Obesity or Pain,Weight management and regular grooming assistance may be necessary. Consult your vet for a tailored diet and pain relief if needed.
123,Cat,Rapid Heartbeat,Stress or Heart Disease,"Consult your vet for an evaluation. Treatment will depend on the underlying cause, which may include medications or stress management."
124,Cat,Eye Squinting,Pain or Eye Infection,"Consult your vet for diagnosis. Treatment may include topical medications or surgery, depending on the cause of discomfort."
125,Cat,Skin Irritation,Allergies or Fleas,Consult your vet for allergy testing and flea prevention methods. Topical treatments may help alleviate symptoms.
126,Cat,Tiredness,Illness or Depression,Monitor for other symptoms and consult your vet for evaluation and treatment options if lethargy persists.
127,Cat,Poor Coat Condition,Nutritional Deficiencies,A balanced diet and supplements can improve coat health. Consult your vet for dietary recommendations based on your cat's needs.
128,Cat,Purring Excessively,Stress or Contentment,"Monitor for changes in behavior. If excessive purring is accompanied by other symptoms, consult your vet for further evaluation."
129,Cat,Difficulty Walking,Arthritis or Injury,Your vet may recommend pain relief and rehabilitation to help restore mobility and manage discomfort.
130,Cat,Shaking,Pain or Neurological Issues,"Consult your vet immediately for evaluation. Treatment will depend on the underlying cause, including pain management options."
131,Cat,Disorientation,Neurological Issues or Toxicity,Immediate vet care is necessary. Treatment may involve detoxification or supportive care based on the diagnosis.
132,Cat,Restlessness,Pain or Anxiety,Provide a calm environment and consult your vet for potential treatments to manage pain or anxiety.
133,Cat,Hair Loss,Allergies or Stress,"Consult your vet to determine the cause. Treatment may involve dietary changes, allergy management, or behavioral interventions."
134,Cat,Gagging,Hairballs or Foreign Body,"Hairball remedies can help prevent gagging. If a foreign body is suspected, consult your vet for immediate evaluation and treatment."
135,Cat,Loss of Coordination,Neurological Issues or Toxicity,"Immediate vet care is necessary for diagnosis and treatment, which may include rehabilitation or detoxification based on the cause."
136,Cat,Weight Gain,Overeating or Hypothyroidism,Consult your vet for a weight management plan. Hypothyroidism may require medication and dietary adjustments to regulate metabolism.
137,Cat,Changes in Breathing,Respiratory Issues or Heart Disease,"Consult your vet for diagnosis and treatment options, which may include medications or oxygen therapy for respiratory conditions."
138,Cat,Swollen Glands,Infection or Immune Response,Your vet may perform diagnostic tests to determine the cause. Treatment may involve antibiotics or supportive care as needed.
139,Cat,Skin Flakiness,Allergies or Fungal Infections,Keep the skin clean and dry. Your vet may prescribe topical treatments or dietary changes to alleviate symptoms.
140,Cat,Increased Water Intake,Kidney Disease or Diabetes,"Your vet will evaluate the underlying cause and recommend treatment options, including dietary management or insulin therapy for diabetes."
141,Cat,Urinating Outside the Box,Stress or Medical Issues,Identify stressors in the environment. Consult your vet for evaluation and treatment of any underlying medical issues.
142,Cat,Excessive Thirst,Kidney Disease or Diabetes,Consult your vet for tests to diagnose the cause. Treatment may include dietary adjustments or insulin therapy for diabetes.
143,Cat,Loss of Appetite,Illness or Stress,Monitor for additional symptoms and consult your vet for treatment options to stimulate appetite or address underlying health issues.
144,Cat,Swollen Feet,Allergic Reaction or Infection,Consult your vet for an examination. Treatment may involve antihistamines for allergies or antibiotics for infections.
145,Cat,Difficulty Breathing,Asthma or Respiratory Infection,Immediate vet care is necessary. Treatment may include bronchodilators or corticosteroids to manage respiratory conditions.
146,Cat,Jaundice,Liver Disease,Immediate vet evaluation is critical. Treatment may involve dietary changes and supportive care for liver function.
147,Cat,Seizures,Epilepsy or Poisoning,"Consult your vet immediately for diagnosis and treatment, which may include anticonvulsant medications or detoxification protocols."
148,Cat,Unexplained Aggression,Pain or Stress,Monitor for signs of pain or discomfort and consult your vet for pain management and behavioral support.
149,Cat,Loss of Balance,Neurological Issues,"Immediate vet care is crucial for diagnosis and treatment, which may involve medication or rehabilitation as needed."
150,Cat,Excessive Shedding,Stress or Seasonal Changes,Regular grooming can help manage shedding. Consult your vet if excessive shedding is accompanied by other symptoms.
151,Cat,Unusual Barking,Stress or Hyperthyroidism,Provide a calming environment and consult your vet for appropriate stress management or thyroid treatment options.
152,Cat,Change in Coat Color,Nutritional Deficiency,Ensure a balanced diet rich in essential nutrients. Consult your vet for specific dietary recommendations to restore coat health.
153,Cat,Increased Aggression,Pain or Stress,Monitor for signs of injury or illness. Consult your vet for pain management and behavioral support.
154,Cat,Hairballs,Poor Grooming or Fast Eating,Regular grooming and a high-fiber diet can help prevent hairballs. Consult your vet for hairball remedies if necessary.
155,Cat,Disorientation,Neurological Issues or Poisoning,"Immediate vet care is necessary for diagnosis and treatment, which may include detoxification or supportive care."
156,Cat,Frequent Coughing,Asthma or Allergies,Consult your vet for diagnosis. Treatment may include bronchodilators or antihistamines to manage symptoms.
157,Cat,Shivering,Pain or Anxiety,"Provide a warm, comfortable environment. Consult your vet if shivering persists, as it may indicate an underlying issue."
158,Cat,Increased Vocalization,Stress or Medical Condition,Identify and reduce stressors in the environment. Consult your vet if vocalization persists or is associated with other symptoms.
159,Cat,Difficulty with Jumping,Arthritis or Obesity,Encourage a healthy weight through diet and exercise. Pain relief may be necessary if arthritis is diagnosed.
160,Cat,Mouth Odor,Dental Disease,Regular dental care is crucial. Your vet may recommend professional cleaning and at-home dental products.
161,Cat,Skin Peeling,Allergies or Fungal Infection,Consult your vet for diagnosis. Treatment may involve topical medications or dietary changes to address underlying allergies or infections.
162,Cat,Eye Discharge,Conjunctivitis or Allergies,"Clean the eyes gently with a damp cloth and consult your vet for appropriate treatment options, which may include topical medications."
163,Cat,Stiffness,Arthritis or Injury,Your vet may recommend anti-inflammatory medications and physical therapy to improve mobility.
164,Cat,Nausea,Gastrointestinal Issues or Illness,"Consult your vet for evaluation and treatment, which may include anti-nausea medications and dietary adjustments."
165,Cat,Muscle Tremors,Neurological Issues,Immediate vet care is necessary. Treatment may involve medications or supportive care based on the diagnosis.
166,Cat,Cold Ears,Poor Circulation or Shock,Monitor for other symptoms. Consult your vet if cold ears are accompanied by lethargy or weakness.
167,Cat,Excessive Water Intake,Kidney Disease or Diabetes,"Your vet will evaluate the underlying cause and recommend treatment options, including dietary management or insulin therapy."
168,Cat,Hiding,Stress or Illness,"Identify stressors in the environment. Consult your vet if hiding is persistent, as it may indicate health concerns."
169,Cat,Unusual Tail Position,Pain or Stress,Monitor for signs of injury or discomfort. Consult your vet for evaluation and pain management if needed.
170,Cat,Change in Energy Level,Illness or Depression,Monitor for other symptoms. Consult your vet for evaluation and treatment options to improve energy levels.
171,Cat,Back Leg Weakness,Neurological Issues or Injury,"Consult your vet for diagnosis and treatment, which may include physical therapy or pain management."
172,Cat,Facial Swelling,Allergic Reaction or Infection,Immediate vet evaluation is essential. Treatment may involve antihistamines or corticosteroids to reduce swelling.
173,Cat,Shaking Head,Ear Infection or Allergies,Consult your vet for examination. Treatment may involve cleaning the ears and medication for infections or allergies.
174,Cat,Difficulty Chewing,Dental Problems,"Your vet will assess for dental issues and recommend appropriate treatment, which may include dental cleanings or extractions."
175,Cat,Increased Grooming,Stress or Allergies,"Provide a calming environment. Consult your vet for possible treatments, including anti-anxiety medications or allergy testing."
176,Cat,Loud Purring,Contentment or Pain,"Monitor for other symptoms. If loud purring is accompanied by distress, consult your vet for further evaluation."
177,Cat,Changes in Coat Texture,Nutritional Deficiency,Ensure a balanced diet rich in essential fatty acids. Consult your vet for specific dietary recommendations to improve coat condition.
178,Cat,Pawing at Mouth,Dental Pain or Oral Issues,Consult your vet for dental evaluation and treatment options to address any pain or discomfort.
179,Cat,Change in Elimination Habits,Stress or Medical Issues,Monitor for changes in urination or defecation. Consult your vet for evaluation and treatment of any underlying health issues.
180,Cat,Loss of Appetite,Illness or Stress,Monitor your cat for other symptoms and consult your vet for potential underlying causes and treatments to stimulate appetite.
181,Cat,Excessive Hiding,Stress or Illness,Provide a calm environment and consult your vet for evaluation if excessive hiding continues.
182,Cat,Swollen Abdomen,Fluid Accumulation or Organ Dysfunction,Your vet will perform imaging to diagnose the cause. Treatment may involve diuretics or surgical intervention if necessary.
183,Cat,Licking Paws,Allergies or Irritation,"Keep the paws clean and consult your vet for treatments, including antihistamines or topical applications to reduce irritation."
184,Cat,Increased Thirst,Kidney Disease or Diabetes,"Your vet will evaluate the underlying cause and recommend treatment options, including dietary management or insulin therapy."
185,Cat,Unusual Sleeping Patterns,Pain or Anxiety,Consult your vet for potential underlying health issues and recommendations for a comfortable sleeping environment.
186,Cat,Change in Eye Appearance,Infection or Allergies,"Consult your vet for evaluation and treatment options, which may include topical medications or other interventions."
187,Cat,Swollen Limbs,Injury or Allergic Reaction,Consult your vet for evaluation. Treatment may involve anti-inflammatory medications or wound care if there is an injury.
188,Cat,Repeated Coughing,Asthma or Respiratory Infection,"Consult your vet for diagnosis and treatment, which may include bronchodilators or antibiotics based on the underlying cause."
189,Cat,Poor Grooming Habits,Pain or Stress,"Monitor for signs of pain or distress. Regular grooming can help, and consult your vet if you suspect health issues."
190,Cat,Changes in Behavior,Illness or Stress,Monitor for other symptoms and consult your vet for evaluation and potential treatment options.
191,Cat,Bleeding Gums,Dental Disease,Regular dental care is crucial. Consult your vet for cleanings and treatment options for gum disease.
192,Cat,Increased Sleepiness,Illness or Depression,Consult your vet for evaluation and treatment options if increased sleepiness is accompanied by other concerning symptoms.
193,Cat,Changes in Purring,Pain or Discomfort,Monitor for other signs of distress. Consult your vet for evaluation and pain management options.
194,Cat,Skin Lesions,Allergies or Infections,Consult your vet for diagnosis. Treatment may involve topical medications or dietary changes based on the underlying cause.
195,Cat,Unusual Hiding Behavior,Stress or Illness,Identify stressors and consult your vet for evaluation if hiding behavior persists or is associated with other symptoms.
196,Cat,Frequent Sneezing,Allergies or Respiratory Infection,"Consult your vet for potential treatments, including antihistamines or corticosteroids to manage symptoms."
197,Cat,Abnormal Eye Movement,Neurological Issues,Immediate vet care is necessary for diagnosis and treatment based on the underlying cause.
198,Cat,Foul Smelling Urine,Urinary Tract Infection,Your vet will perform tests to diagnose the cause and may prescribe antibiotics or dietary management to address the infection.
199,Cat,Sudden Change in Behavior,Pain or Illness,Monitor for other symptoms and consult your vet for evaluation to determine the underlying cause and appropriate treatment.
200,Cat,Sudden Weight Loss,Illness or Stress,Consult your vet for evaluation and treatment options to address any underlying health issues contributing to weight loss.
1,Goat,Loss of Appetite,Worm Infestation or Disease,Deworming medications may be needed. Ensure a balanced diet and consult your vet if appetite does not improve.
2,Goat,Diarrhea,Coccidiosis or Parasites,Provide electrolyte solutions for dehydration. Consult your vet for medications to treat underlying causes.
3,Goat,Coughing,Respiratory Infection,Ensure a clean living environment. Consult your vet for antibiotics or supportive care if infection is suspected.
4,Goat,Lethargy,Illness or Nutritional Deficiency,Ensure proper nutrition and consult your vet for diagnosis and treatment options if lethargy persists.
5,Goat,Abdominal Pain,Bloat or Gastrointestinal Issues,Avoid sudden diet changes. Consult your vet for treatment options such as anti-bloat medications or dietary adjustments.
6,Goat,Swollen Joints,Arthritis or Infection,Monitor for pain and consult your vet for anti-inflammatory medications and supportive care.
7,Goat,Abnormal Breathing,Pneumonia or Respiratory Distress,"Keep the goat warm and calm. Consult your vet for immediate treatment, which may include antibiotics or anti-inflammatories."
8,Goat,Foul Smelling Breath,Dental Disease,Regular dental care is essential. Consult your vet for cleanings and treatment options if dental disease is diagnosed.
9,Goat,Excessive Salivation,Oral Injury or Disease,Examine the mouth for injuries. Consult your vet for treatment if excessive salivation continues.
10,Goat,Skin Lesions,Fungal Infection or Parasites,Consult your vet for diagnosis. Treatment may involve topical antifungal medications or deworming treatments.
11,Goat,Weight Loss,Worm Infestation or Malnutrition,Ensure a balanced diet and consult your vet for deworming and nutritional advice.
12,Goat,Unusual Vocalization,Stress or Illness,Monitor for other symptoms and consult your vet if vocalizations are concerning or accompanied by distress.
13,Goat,Changes in Coat Condition,Nutritional Deficiency,Ensure a balanced diet and consult your vet for nutritional supplements if coat condition is poor.
14,Goat,Increased Aggression,Pain or Social Stress,Monitor for signs of pain or discomfort. Consult your vet for evaluation and management options if aggression persists.
15,Goat,Hunched Back,Pain or Discomfort,Monitor for other symptoms. Consult your vet for evaluation and treatment options if the hunched posture persists.
16,Goat,Excessive Grooming,Stress or Skin Irritation,Provide a calm environment and consult your vet for potential treatment options to reduce stress or irritation.
17,Goat,Decreased Milk Production,Stress or Illness,Ensure proper nutrition and consult your vet if milk production does not improve.
18,Goat,Eye Discharge,Conjunctivitis or Infection,Clean the eyes gently and consult your vet for appropriate medications if discharge persists.
19,Goat,Difficulty Walking,Hoof Problems or Arthritis,Regular hoof trimming is essential. Consult your vet for treatments if walking difficulty is observed.
20,Goat,Cold Ears,Poor Circulation or Shock,Monitor for other symptoms. Consult your vet if cold ears are accompanied by lethargy or weakness.
21,Goat,Swollen Abdomen,Bloat or Organ Dysfunction,Consult your vet for immediate evaluation and treatment options for bloat or related issues.
22,Goat,Excessive Bleating,Stress or Hunger,Ensure proper feeding and consult your vet for potential stressors in the environment.
23,Goat,Change in Urination,Urinary Tract Infection,Consult your vet for evaluation and treatment if changes in urination are observed.
24,Goat,Hoof Rot,Fungal Infection or Poor Hoof Care,Ensure regular hoof care and consult your vet for antifungal treatments if rot is diagnosed.
25,Goat,Nausea,Gastrointestinal Issues,"Monitor for other symptoms and consult your vet for treatment options, which may include dietary changes or medications."
26,Goat,Fever,Infection or Inflammation,"Monitor temperature and consult your vet for evaluation and treatment, which may involve antibiotics or anti-inflammatory medications."
27,Goat,Sudden Aggression,Pain or Social Stress,Monitor for signs of injury or illness. Consult your vet for evaluation and pain management if aggression is observed.
28,Goat,Difficulty Breathing,Asthma or Pneumonia,Keep the goat calm and consult your vet for immediate treatment options.
29,Goat,Pale Mucous Membranes,Anemia or Shock,Immediate vet care is crucial for diagnosis and treatment based on underlying causes.
30,Goat,Labored Breathing,Respiratory Distress,"Consult your vet for evaluation and treatment options, which may include oxygen therapy or medications."
31,Goat,Weakness,Malnutrition or Illness,Ensure proper nutrition and consult your vet for evaluation and treatment options if weakness is observed.
32,Goat,Excessive Urination,Diabetes or Urinary Tract Infection,Your vet will evaluate the underlying cause and recommend treatment options accordingly.
33,Goat,Swollen Lymph Nodes,Infection or Disease,Consult your vet for evaluation and treatment options if lymph nodes are swollen.
34,Goat,Shivering,Pain or Hypothermia,Provide warmth and consult your vet if shivering persists or is accompanied by other symptoms.
35,Goat,Difficulty Eating,Oral Problems or Dental Disease,Consult your vet for examination and treatment options for any oral issues.
36,Goat,Redness around Eyes,Allergies or Infection,Consult your vet for evaluation and treatment options based on the underlying cause.
37,Goat,Skin Scratches,Parasites or Allergies,"Consult your vet for diagnosis and treatment options, which may include topical treatments or dewormers."
38,Goat,Limping,Injury or Hoof Problems,Consult your vet for examination and treatment options for any injuries or hoof issues.
39,Goat,Chattering Teeth,Dental Issues or Stress,Consult your vet for evaluation and potential treatment options for dental care or stress management.
40,Goat,Pacing,Stress or Illness,Monitor for other symptoms and consult your vet if pacing behavior continues or is associated with distress.
41,Goat,Unusual Behavior,Stress or Illness,Monitor for changes in behavior and consult your vet for evaluation and treatment options if necessary.
42,Goat,Change in Feces,Gastrointestinal Issues,Monitor for consistency and consult your vet for potential dietary changes or medications.
43,Goat,Wobbly Gait,Neurological Issues,Consult your vet for evaluation and treatment options based on the underlying cause.
44,Goat,Hair Loss,Parasites or Nutritional Deficiency,Ensure proper nutrition and consult your vet for potential treatments for parasites or deficiencies.
45,Goat,Swollen Abdomen,Bloat or Intestinal Blockage,Consult your vet for evaluation and immediate treatment options if bloat is suspected.
46,Goat,Difficulty Standing,Pain or Neurological Issues,Consult your vet for diagnosis and treatment options if difficulty standing is observed.
47,Goat,Restlessness,Stress or Pain,Monitor for signs of stressors in the environment and consult your vet for evaluation and treatment options.
48,Goat,Coughing and Wheezing,Respiratory Infection,"Consult your vet for diagnosis and treatment options, which may include bronchodilators or antibiotics."
49,Goat,Hoof Cracking,Nutritional Deficiency,Ensure a balanced diet rich in minerals and consult your vet for treatments if hoof issues persist.
50,Goat,Foul Odor from Skin,Infection or Poor Hygiene,"Maintain good hygiene and consult your vet for diagnosis and treatment options, which may include antibiotics or antifungals."
51,Goat,Hair Loss,Mites or Fungal Infection,"Consult your vet for diagnosis and treatment, which may involve medicated shampoos or topical treatments."
52,Goat,Frequent Sneezing,Allergies or Respiratory Infection,"Identify and remove allergens if possible, and consult your vet for antihistamines or other medications."
53,Goat,Increased Thirst,Kidney Disease or Diabetes,Monitor water intake and consult your vet for evaluation and treatment options based on underlying issues.
54,Goat,Inability to Bear Weight,Leg Injury or Disease,"Consult your vet for evaluation and potential treatment options, which may include rest and pain management."
55,Goat,Abnormal Urine Color,Urinary Tract Infection,Consult your vet for evaluation and treatment based on the underlying cause.
56,Goat,Difficulty Breathing,Allergies or Pneumonia,Consult your vet for immediate evaluation and potential oxygen therapy or medications.
57,Goat,Swollen Feet,Foot Rot or Laminitis,"Ensure proper hoof care and consult your vet for treatment options, including pain management and antibiotics if needed."
58,Goat,Excessive Panting,Heat Stress or Respiratory Distress,"Move to a cooler environment, provide plenty of water, and consult your vet for potential treatments."
59,Goat,Sores on the Skin,Parasites or Fungal Infection,"Consult your vet for diagnosis and treatment options, which may involve topical medications or dewormers."
60,Goat,Unusual Weight Gain,Overfeeding or Hormonal Imbalance,Consult your vet for dietary adjustments and evaluation for underlying health issues.
61,Goat,Cold or Pale Extremities,Poor Circulation or Shock,Consult your vet for evaluation and potential treatments based on underlying causes.
62,Goat,Stiffness,Arthritis or Injury,Consult your vet for anti-inflammatory medications and supportive care options.
63,Goat,Irritated Skin,Allergies or Parasites,Consult your vet for diagnosis and treatment options based on the underlying cause.
64,Goat,Watery Eyes,Allergies or Infection,"Consult your vet for evaluation and treatment, which may include antihistamines or topical medications."
65,Goat,Nervous Behavior,Stress or Pain,Provide a calm environment and consult your vet for evaluation and potential treatment options.
66,Goat,Sudden Changes in Behavior,Illness or Environmental Stress,Monitor for other symptoms and consult your vet for evaluation if changes in behavior persist.
67,Goat,Swollen Glands,Infection or Disease,Consult your vet for evaluation and treatment options if glands are swollen.
68,Goat,Abdominal Swelling,Bloat or Organ Dysfunction,Consult your vet for immediate evaluation and treatment options for bloat.
69,Goat,Loss of Coordination,Neurological Issues or Poisoning,Consult your vet for evaluation and treatment options based on underlying causes.
70,Goat,Foul Smelling Feces,Gastrointestinal Infection or Parasites,"Consult your vet for diagnosis and treatment options, which may include dietary changes or medications."
71,Goat,Reduced Mobility,Pain or Injury,Consult your vet for evaluation and treatment options for pain management and mobility support.
72,Goat,Skin Irritation,Allergies or Insect Bites,"Consult your vet for diagnosis and treatment options, which may involve antihistamines or topical treatments."
73,Goat,Vomiting,Dietary Indiscretion or Infection,"Consult your vet for evaluation and treatment options, which may include dietary changes and medications."
74,Goat,Abnormal Heart Rate,Stress or Cardiac Issues,Consult your vet for evaluation and treatment options based on the underlying cause.
75,Goat,Dehydration,Diarrhea or Heat Stress,Ensure access to clean water and consult your vet for electrolytes or other treatments if dehydration is severe.
76,Goat,Wounds on Body,Injury or Fighting,Clean the wound and consult your vet for potential antibiotics or wound care treatments.
77,Goat,Changes in Vocalization,Stress or Illness,Monitor for other symptoms and consult your vet for evaluation if vocal changes persist.
78,Goat,Weak Pulse,Shock or Severe Illness,Immediate veterinary care is crucial for evaluation and potential treatment.
79,Goat,Sudden Behavioral Changes,Pain or Illness,Monitor for other symptoms and consult your vet for evaluation if changes in behavior are concerning.
80,Goat,Difficulty in Swallowing,Oral Problems or Obstruction,Consult your vet for evaluation and potential treatments based on the underlying cause.
81,Goat,Loud Coughing,Respiratory Infection,"Ensure a clean living environment and consult your vet for diagnosis and treatment options, which may include antibiotics."
82,Goat,Changes in Temperature,Infection or Heat Stress,Monitor temperature and consult your vet for evaluation and treatment based on findings.
83,Goat,Limping on One Leg,Injury or Hoof Issues,Consult your vet for examination and treatment options if limping persists.
84,Goat,Fading Color in Coat,Nutritional Deficiency,Ensure a balanced diet and consult your vet for potential dietary supplements to improve coat condition.
85,Goat,Head Shaking,Ear Infection or Allergies,Consult your vet for evaluation and treatment options if head shaking persists.
86,Goat,Fluid Accumulation in Abdomen,Bloat or Organ Dysfunction,Consult your vet for evaluation and immediate treatment options based on findings.
87,Goat,Excessive Sneezing,Allergies or Respiratory Infection,"Identify and remove allergens if possible, and consult your vet for antihistamines or other medications."
88,Goat,Crusty Nose,Nasal Infection or Allergies,Consult your vet for evaluation and treatment options based on the underlying cause.
89,Goat,Excessive Grooming,Stress or Skin Irritation,Provide a calm environment and consult your vet for potential treatments to reduce irritation or stress.
90,Goat,Difficulty Laying Down,Pain or Discomfort,Monitor for signs of pain and consult your vet for evaluation and treatment options if difficulty persists.
91,Goat,Bleeding Gums,Dental Disease,Regular dental care is essential. Consult your vet for cleanings and treatment options if dental disease is diagnosed.
92,Goat,Sudden Weakness,Illness or Nutritional Deficiency,Ensure proper nutrition and consult your vet for evaluation and treatment options if weakness is observed.
93,Goat,Lumps under Skin,Abscesses or Tumors,Consult your vet for examination and potential treatment options based on diagnosis.
94,Goat,Loss of Tail Hair,Mites or Nutritional Deficiency,Consult your vet for diagnosis and treatment options based on the underlying cause.
95,Goat,Skin Flakiness,Nutritional Deficiency or Allergies,Consult your vet for dietary adjustments or treatment options based on the underlying cause.
96,Goat,Changes in Milk Color,Infection or Dietary Changes,Consult your vet for evaluation and potential treatment options if changes in milk color are observed.
97,Goat,Sudden Thirst,Kidney Disease or Diabetes,Monitor water intake and consult your vet for evaluation and treatment based on the underlying issue.
98,Goat,Grunting Sounds,Pain or Discomfort,Monitor for signs of pain and consult your vet for evaluation and treatment options based on findings.
99,Goat,Abnormal Body Posture,Pain or Illness,Consult your vet for evaluation and treatment options if abnormal posture is observed.
100,Goat,Foul Smelling Urine,Urinary Tract Infection,Consult your vet for evaluation and treatment options based on the underlying cause.
101,Goat,Swollen Hocks,Arthritis or Infection,Consult your vet for anti-inflammatory medications and supportive care.
102,Goat,Increased Vocalization,Stress or Discomfort,Monitor for signs of stressors and consult your vet for evaluation and treatment options.
103,Goat,Unusual Eye Discharge,Conjunctivitis or Infection,"Consult your vet for evaluation and potential treatments, which may include antibiotics."
104,Goat,Uneven Hoof Growth,Nutritional Imbalance or Lack of Care,Ensure regular hoof trimming and consult your vet for dietary recommendations.
105,Goat,Excessive Salivation,Oral Problems or Poisoning,Consult your vet for evaluation and treatment options based on underlying issues.
106,Goat,Loss of Appetite,Illness or Stress,Consult your vet for evaluation and potential treatment options to encourage eating.
107,Goat,Rapid Heart Rate,Pain or Stress,Consult your vet for evaluation and treatment options based on the underlying cause.
108,Goat,Shaking or Tremors,Neurological Issues or Stress,Consult your vet for evaluation and treatment options based on findings.
109,Goat,Bleeding from Nose,Respiratory Issues or Trauma,Consult your vet for evaluation and treatment options based on the underlying cause.
110,Goat,Unresponsive Behavior,Shock or Severe Illness,Immediate veterinary care is crucial for evaluation and potential treatment.
111,Goat,Difficulty in Standing,Pain or Weakness,Monitor for signs of pain and consult your vet for evaluation and treatment options.
112,Goat,Difficulty with Movement,Arthritis or Injury,Consult your vet for pain management and supportive care options.
113,Goat,Lethargy,Infection or Nutritional Deficiency,Monitor for other symptoms and consult your vet for evaluation and treatment options.
114,Goat,Wobbly Walking,Neurological Issues or Poisoning,Consult your vet for evaluation and treatment options based on findings.
115,Goat,Rapid Breathing,Stress or Respiratory Distress,Consult your vet for immediate evaluation and potential treatments.
116,Goat,Swollen Abdomen,Bloat or Gastrointestinal Disturbance,Consult your vet for immediate evaluation and treatment options for bloat.
117,Goat,Overgrown Hooves,Lack of Hoof Care,Ensure regular hoof trimming and consult your vet for care recommendations.
118,Goat,Soft or Watery Feces,Gastroenteritis or Dietary Indiscretion,Consult your vet for evaluation and treatment options based on the underlying cause.
119,Goat,Difficulty with Chewing,Dental Issues or Oral Pain,Consult your vet for evaluation and potential treatment options for dental care.
120,Goat,Pale Mucous Membranes,Anemia or Shock,Consult your vet for immediate evaluation and potential treatment options.
121,Goat,Sudden Changes in Coat,Stress or Illness,Monitor for other symptoms and consult your vet for evaluation if changes in coat are concerning.
122,Goat,Cracked Hooves,Nutritional Deficiency or Lack of Care,Ensure proper nutrition and consult your vet for hoof care recommendations.
123,Goat,Heavy Breathing,Respiratory Distress,Consult your vet for immediate evaluation and potential treatments.
124,Goat,Skin Lesions,Allergies or Infection,Consult your vet for diagnosis and treatment options based on the underlying cause.
125,Goat,Foul Breath,Dental Disease,Regular dental care is essential. Consult your vet for cleanings and treatment options if dental disease is diagnosed.
126,Goat,Difficulty in Defecating,Constipation or Obstruction,Ensure proper hydration and consult your vet for potential treatments to relieve constipation.
127,Goat,Unusual Head Movements,Neurological Issues or Pain,Consult your vet for evaluation and treatment options based on findings.
128,Goat,Increased Heart Rate,Stress or Pain,Consult your vet for evaluation and treatment options based on the underlying cause.
129,Goat,Excessive Whining,Pain or Discomfort,Monitor for signs of pain and consult your vet for evaluation and treatment options based on findings.
130,Goat,Abnormal Color in Feces,Gastrointestinal Issues,Consult your vet for evaluation and treatment options based on the underlying cause.
131,Goat,Difficulty in Urination,Urinary Tract Infection or Stones,Consult your vet for evaluation and treatment options based on the underlying cause.
132,Goat,Loss of Muscle Mass,Nutritional Deficiency or Illness,Ensure proper nutrition and consult your vet for potential dietary supplements to address deficiencies.
133,Goat,Sudden Weight Loss,Illness or Parasites,Consult your vet for evaluation and treatment options based on findings.
134,Goat,Weakness in Limbs,Neurological Issues or Illness,Consult your vet for evaluation and treatment options based on findings.
135,Goat,Difficulty Standing Up,Pain or Injury,Monitor for signs of pain and consult your vet for evaluation and treatment options.
136,Goat,Cold or Chilled Body,Shock or Hypothermia,Provide warmth and consult your vet for immediate evaluation and treatment options.
137,Goat,Skin Rashes,Allergies or Infection,Consult your vet for diagnosis and treatment options based on the underlying cause.
138,Goat,Abnormal Eye Movements,Neurological Issues or Pain,Consult your vet for evaluation and treatment options based on findings.
139,Goat,Poor Coat Condition,Nutritional Deficiency,Ensure a balanced diet and consult your vet for dietary adjustments and potential supplements.
140,Goat,Frequent Licking of Skin,Allergies or Stress,Consult your vet for evaluation and treatment options based on the underlying cause.
141,Goat,Decreased Milk Production,Stress or Illness,Monitor for other symptoms and consult your vet for evaluation if milk production decreases.
142,Goat,Low Energy,Illness or Nutritional Deficiency,Consult your vet for evaluation and potential treatment options based on findings.
143,Goat,Weakness in Back Legs,Neurological Issues or Injury,Consult your vet for evaluation and treatment options based on findings.
144,Goat,Abnormal Gait,Pain or Neurological Issues,Consult your vet for evaluation and treatment options based on findings.
145,Goat,Unusual Throat Sounds,Respiratory Issues or Pain,Consult your vet for evaluation and treatment options based on findings.
146,Goat,Unsteady Movement,Neurological Issues or Poisoning,Consult your vet for evaluation and treatment options based on findings.
147,Goat,Swollen Legs,Lymphangitis or Injury,Consult your vet for evaluation and treatment options based on findings.
148,Goat,Cracked or Splitting Hooves,Nutritional Deficiency or Lack of Care,Ensure proper nutrition and consult your vet for hoof care recommendations.
149,Goat,Frequent Thirst,Kidney Disease or Diabetes,Monitor water intake and consult your vet for evaluation and treatment based on findings.
150,Goat,Excessive Shedding,Stress or Nutritional Deficiency,Consult your vet for evaluation and treatment options based on the underlying cause.
151,Goat,Swollen Ears,Ear Infection or Allergies,Consult your vet for evaluation and potential treatments based on diagnosis.
152,Goat,Crusty Eyes,Eye Infection or Allergies,Consult your vet for evaluation and potential treatments based on the underlying cause.
153,Goat,Unusual Body Odor,Infection or Poor Hygiene,Ensure proper hygiene and consult your vet for evaluation and treatment options based on findings.
154,Goat,Abnormal Skin Texture,Nutritional Deficiency or Infection,Consult your vet for diagnosis and treatment options based on the underlying cause.
155,Goat,Pale Skin,Anemia or Shock,Consult your vet for immediate evaluation and potential treatment options.
156,Goat,Decreased Mobility,Pain or Illness,Consult your vet for evaluation and treatment options based on findings.
157,Goat,Painful Urination,Urinary Tract Infection,Consult your vet for evaluation and treatment options based on findings.
158,Goat,Excessive Head Shaking,Pain or Stress,Consult your vet for evaluation and treatment options based on findings.
159,Goat,Excessive Barking,Stress or Discomfort,Monitor for signs of pain and consult your vet for evaluation and treatment options based on findings.
160,Goat,Frequent Urination,Kidney Disease or Diabetes,Consult your vet for evaluation and treatment options based on findings.
161,Goat,Restlessness,Pain or Stress,Monitor for signs of pain and consult your vet for evaluation and treatment options based on findings.
162,Goat,Difficulty in Swallowing,Oral Problems or Pain,Consult your vet for evaluation and treatment options based on findings.
163,Goat,Blood in Urine,Urinary Tract Issues or Trauma,Consult your vet for immediate evaluation and treatment options based on findings.
164,Goat,Unusual Snoring Sounds,Respiratory Issues,Consult your vet for evaluation and treatment options based on findings.
165,Goat,Constant Licking of Lips,Pain or Dental Issues,Consult your vet for evaluation and treatment options based on findings.
166,Goat,Inability to Jump,Pain or Weakness,Monitor for signs of pain and consult your vet for evaluation and treatment options based on findings.
167,Goat,High Fever,Infection or Inflammatory Disease,Consult your vet for immediate evaluation and treatment options based on findings.
168,Goat,Recurrent Fecal Retention,Gastrointestinal Disturbance,Consult your vet for evaluation and treatment options based on findings.
169,Goat,Unusual Nail Growth,Nutritional Deficiency or Infection,Ensure proper nutrition and consult your vet for evaluation and treatment options based on findings.
170,Goat,Excessive Sneezing,Respiratory Infection or Allergies,Consult your vet for evaluation and treatment options based on findings.
171,Goat,Lumps on Body,Tumors or Abscesses,Consult your vet for evaluation and treatment options based on diagnosis.
172,Goat,Swollen Joints,Arthritis or Injury,Consult your vet for evaluation and treatment options based on findings.
173,Goat,Excessive Water Retention,Heart Failure or Kidney Disease,Consult your vet for evaluation and treatment options based on findings.
174,Goat,Excessive Grunting,Pain or Discomfort,Monitor for signs of pain and consult your vet for evaluation and treatment options based on findings.
175,Goat,Changes in Sleep Pattern,Stress or Illness,Monitor for other symptoms and consult your vet for evaluation if changes in sleep pattern are concerning.
176,Goat,Decreased Appetite,Illness or Stress,Consult your vet for evaluation and treatment options based on findings.
177,Goat,Changes in Eye Color,Illness or Infection,Consult your vet for evaluation and treatment options based on findings.
178,Goat,Wasting Syndrome,Malnutrition or Chronic Illness,Consult your vet for evaluation and treatment options based on findings.
179,Goat,Flank Pain,Gastrointestinal Distress or Colic,Consult your vet for evaluation and treatment options based on findings.
180,Goat,Skin Parasites,Infestation by mites or lice,Consult your vet for diagnosis and treatment options based on findings.
181,Goat,Skin Ulcers,Infection or Trauma,Consult your vet for evaluation and treatment options based on diagnosis.
182,Goat,Excessive Vomiting,Gastrointestinal Disturbance or Illness,Consult your vet for evaluation and treatment options based on findings.
183,Goat,Severe Pain in Abdomen,Gastrointestinal Distress or Injury,Consult your vet for immediate evaluation and treatment options based on findings.
184,Goat,Numbness in Limbs,Neurological Issues,Consult your vet for evaluation and treatment options based on findings.
185,Goat,Distended Abdomen,Bloat or Gastrointestinal Disturbance,Consult your vet for immediate evaluation and treatment options for bloat.
186,Goat,Excessive Grooming,Stress or Skin Issues,Monitor for signs of stress and consult your vet for evaluation and treatment options based on findings.
187,Goat,Reduced Blood Circulation,Shock or Severe Illness,Consult your vet for immediate evaluation and treatment options based on findings.
188,Goat,Abnormal Pupil Response,Neurological Issues or Pain,Consult your vet for evaluation and treatment options based on findings.
189,Goat,Difficulty in Respiration,Respiratory Distress,Consult your vet for immediate evaluation and treatment options based on findings.
190,Goat,Excessive Fatigue,Illness or Stress,Consult your vet for evaluation and treatment options based on findings.
191,Goat,Frequent Head Shaking,Pain or Neurological Issues,Consult your vet for evaluation and treatment options based on findings.
192,Goat,Unusual Color of Urine,Kidney Issues or Dehydration,Consult your vet for evaluation and treatment options based on findings.
193,Goat,Weakness in Front Legs,Neurological Issues or Injury,Consult your vet for evaluation and treatment options based on findings.
194,Goat,Sore or Tender Spots,Skin Infection or Trauma,Consult your vet for evaluation and treatment options based on diagnosis.
195,Goat,Excessive Yawning,Pain or Stress,Consult your vet for evaluation and treatment options based on findings.
196,Goat,Frequent Hiccups,Gastrointestinal Distress or Irritation,Consult your vet for evaluation and treatment options based on findings.
197,Goat,Difficulty in Balancing,Neurological Issues,Consult your vet for evaluation and treatment options based on findings.
198,Goat,Abnormal Skin Growth,Tumors or Infection,Consult your vet for evaluation and treatment options based on diagnosis.
199,Goat,Excessive Scratching,Allergies or Skin Parasites,Consult your vet for evaluation and treatment options based on findings.
200,Goat,Reduced Reaction Time,Neurological Issues,Consult your vet for evaluation and treatment options based on findings.
1,Cow,Loss of Appetite,Bloat or Digestive Disorders,Consult your vet for evaluation; may require dietary changes or medications.
2,Cow,Abnormal Milk Production,Mastitis or Hormonal Imbalance,Consult your vet for treatment; antibiotics may be required for mastitis.
3,Cow,Swollen Abdomen,Bloat or Gas Accumulation,Immediate veterinary care is essential; may require a stomach tube to relieve gas.
4,Cow,Coughing,Respiratory Infections,"Consult your vet for diagnosis and treatment options, which may include antibiotics."
5,Cow,Diarrhea,Gastroenteritis or Dietary Issues,Consult your vet for evaluation; hydration and dietary adjustments may be necessary.
6,Cow,Limping,Lameness or Injury,Consult your vet for evaluation; treatment may involve rest and pain management.
7,Cow,Skin Lesions,Dermatological Issues or Infections,Consult your vet for diagnosis; topical or systemic treatments may be required.
8,Cow,Excessive Salivation,Oral Issues or Poisoning,Consult your vet for evaluation; may require oral treatments or supportive care.
9,Cow,Rapid Breathing,Stress or Respiratory Distress,Consult your vet for immediate evaluation; treatment will depend on the underlying cause.
10,Cow,Abnormal Feces,Parasites or Gastrointestinal Disturbances,Consult your vet for evaluation; deworming may be necessary.
11,Cow,Difficulty Breathing,Pneumonia or Respiratory Distress,Immediate veterinary care is crucial; treatment may involve antibiotics and supportive care.
12,Cow,Unusual Behavior,Stress or Illness,Consult your vet for evaluation and treatment options based on findings.
13,Cow,Jaundice,Liver Disease,Consult your vet for evaluation; treatment may involve dietary changes and medications.
14,Cow,Fever,Infection or Inflammation,Consult your vet for evaluation; treatment may include anti-inflammatory medications.
15,Cow,Excessive Grooming,Skin Parasites or Allergies,Consult your vet for evaluation; treatments may include topical solutions or medications.
16,Cow,Abnormal Heart Rate,Pain or Stress,Consult your vet for evaluation; treatment will depend on the underlying cause.
17,Cow,Weakness,Nutritional Deficiencies or Illness,Consult your vet for evaluation; may require nutritional supplementation.
18,Cow,Difficulty in Standing,Injury or Pain,Consult your vet for evaluation and pain management options.
19,Cow,Unresponsive Behavior,Severe Illness or Shock,Immediate veterinary care is critical; treatment will depend on findings.
20,Cow,Poor Coat Condition,Nutritional Deficiencies or Parasites,Consult your vet for dietary recommendations and potential parasite treatments.
21,Cow,Constipation,Dietary Issues or Dehydration,Consult your vet for evaluation; may require dietary adjustments or medications.
22,Cow,Swollen Joints,Arthritis or Injury,Consult your vet for pain management and supportive care options.
23,Cow,Unusual Throat Sounds,Respiratory Issues,Consult your vet for evaluation; treatment will depend on diagnosis.
24,Cow,Increased Thirst,Kidney Issues or Dehydration,Monitor water intake; consult your vet for evaluation and treatment options.
25,Cow,Rapid Weight Loss,Illness or Parasites,Consult your vet for evaluation; treatment may involve dietary changes and medications.
26,Cow,Frequent Urination,Urinary Tract Infection or Stones,Consult your vet for evaluation; treatment may involve antibiotics or dietary changes.
27,Cow,Shaking or Tremors,Neurological Issues or Stress,Consult your vet for evaluation and treatment options based on findings.
28,Cow,Nausea,Gastrointestinal Disturbance,Consult your vet for evaluation; may require supportive care and dietary adjustments.
29,Cow,Difficulty with Movement,Lameness or Arthritis,Consult your vet for evaluation; treatment may involve pain management and rest.
30,Cow,Skin Rashes,Allergies or Infections,Consult your vet for evaluation and treatment options based on diagnosis.
31,Cow,Poor Appetite,Illness or Stress,Monitor for other symptoms and consult your vet for evaluation.
32,Cow,Unusual Eye Discharge,Conjunctivitis or Infection,"Consult your vet for evaluation and potential treatments, which may include antibiotics."
33,Cow,Difficulty in Chewing,Dental Issues,Consult your vet for evaluation; treatment may include dental care or surgery.
34,Cow,Weakness in Limbs,Neurological Issues or Illness,Consult your vet for evaluation and treatment options based on findings.
35,Cow,Cold or Chilled Body,Shock or Hypothermia,Provide warmth and consult your vet for immediate evaluation and treatment options.
36,Cow,Blood in Stool,Gastrointestinal Issues or Parasites,Consult your vet for immediate evaluation and treatment options based on findings.
37,Cow,Unusual Color of Urine,Kidney Issues or Infection,Consult your vet for evaluation; treatment will depend on the underlying cause.
38,Cow,Decreased Milk Production,Stress or Illness,Monitor for other symptoms and consult your vet for evaluation if milk production decreases.
39,Cow,Excessive Weight Gain,Overfeeding or Hormonal Issues,Consult your vet for evaluation; may require dietary adjustments and exercise plans.
40,Cow,Pale Mucous Membranes,Anemia or Shock,Consult your vet for immediate evaluation and treatment options.
41,Cow,Weak Pulse,Shock or Severe Illness,Consult your vet for immediate evaluation and treatment options based on findings.
42,Cow,Loud Stomach Sounds,Digestive Disorders,Monitor for other symptoms and consult your vet for evaluation and treatment options.
43,Cow,Inability to Move,Severe Pain or Neurological Issues,Consult your vet for immediate evaluation and treatment options based on findings.
44,Cow,Swollen Feet,Lameness or Foot Rot,Consult your vet for evaluation; treatment may include hoof care and antibiotics.
45,Cow,Excessive Shedding,Stress or Nutritional Deficiency,Consult your vet for evaluation and treatment options based on the underlying cause.
46,Cow,Frequent Licking of Skin,Allergies or Skin Issues,Consult your vet for evaluation; treatments may include topical solutions or medications.
47,Cow,Weakness in Back Legs,Neurological Issues or Injury,Consult your vet for evaluation and treatment options based on findings.
48,Cow,Changes in Breathing,Respiratory Issues,Consult your vet for immediate evaluation and treatment options based on findings.
49,Cow,Cracked Hooves,Nutritional Deficiency or Lack of Care,Ensure proper nutrition and consult your vet for hoof care recommendations.
50,Cow,Poor Milk Quality,Nutritional Deficiencies or Infection,Consult your vet for evaluation and treatment optio
51,Cow,Excessive Thirst,Diabetes or Kidney Issues,Consult your vet for evaluation and treatment options based on findings.
52,Cow,Rapid Heart Rate,Pain or Stress,Consult your vet for evaluation; treatment will depend on the underlying cause.
53,Cow,Stiffness in Limbs,Arthritis or Injury,Consult your vet for evaluation; treatment may involve pain management and rest.
54,Cow,Grinding Teeth,Dental Issues or Pain,Consult your vet for evaluation; treatment may include dental care or pain relief.
55,Cow,Swollen Lymph Nodes,Infection or Inflammatory Disease,Consult your vet for evaluation and treatment options based on findings.
56,Cow,Excessive Vocalization,Pain or Stress,Monitor for other symptoms and consult your vet for evaluation.
57,Cow,Abnormal Breathing Sounds,Respiratory Issues,Consult your vet for evaluation and treatment options based on findings.
58,Cow,Skin Itching,Allergies or Parasites,Consult your vet for evaluation; treatments may include antihistamines or topical medications.
59,Cow,Change in Coat Color,Nutritional Deficiency or Illness,Consult your vet for evaluation; treatment may involve dietary changes.
60,Cow,Frequent Bloating,Gastrointestinal Disturbance,Consult your vet for evaluation and potential treatments based on findings.
61,Cow,Abdominal Discomfort,Colic or Digestive Disorders,Consult your vet for evaluation; treatment may include pain management and dietary adjustments.
62,Cow,Blood in Milk,Mastitis or Trauma,Consult your vet for immediate evaluation; treatment may involve antibiotics.
63,Cow,Lethargy,Illness or Stress,Monitor for other symptoms and consult your vet for evaluation.
64,Cow,Feverish Condition,Infection or Inflammatory Disease,Consult your vet for evaluation and treatment options based on findings.
65,Cow,Weight Gain,Overfeeding or Hormonal Imbalance,Consult your vet for evaluation; dietary adjustments may be necessary.
66,Cow,Sore Throat,Infection or Trauma,Consult your vet for evaluation; treatment may include antibiotics or anti-inflammatories.
67,Cow,Numbness in Limbs,Neurological Issues,Consult your vet for evaluation and treatment options based on findings.
68,Cow,Unstable Gait,Neurological Issues or Pain,Consult your vet for evaluation; treatment may include pain management and rest.
69,Cow,Fluid Accumulation,Heart Disease or Liver Disease,Consult your vet for immediate evaluation; treatment may involve medications or dietary changes.
70,Cow,Hoof Problems,Foot Rot or Nutritional Deficiencies,Consult your vet for hoof care recommendations and treatment options.
71,Cow,Seizures,Neurological Issues,Consult your vet for immediate evaluation; treatment will depend on the underlying cause.
72,Cow,Excessive Yawning,Pain or Stress,Consult your vet for evaluation and treatment options based on findings.
73,Cow,Inability to Stand,Severe Pain or Neurological Issues,Consult your vet for immediate evaluation and treatment options based on findings.
74,Cow,Persistent Coughing,Respiratory Infection,Consult your vet for evaluation; treatment may include antibiotics or bronchodilators.
75,Cow,Loose Skin,Dehydration or Weight Loss,Consult your vet for evaluation and treatment options to address dehydration.
76,Cow,Disorientation,Neurological Issues or Pain,Consult your vet for evaluation and treatment options based on findings.
77,Cow,Sudden Change in Behavior,Illness or Environmental Stress,Monitor for other symptoms and consult your vet for evaluation.
78,Cow,Excessive Flatulence,Digestive Disorders,Consult your vet for evaluation; dietary adjustments may be necessary.
79,Cow,Swelling around Eyes,Allergic Reaction or Infection,Consult your vet for evaluation; treatment may involve antihistamines or topical medications.
80,Cow,Frequent Nosebleeds,Blood Disorders or Trauma,Consult your vet for immediate evaluation and treatment options based on findings.
81,Cow,Changes in Drinking Habits,Kidney Issues or Dehydration,Monitor water intake; consult your vet for evaluation and treatment options.
82,Cow,Severe Abdominal Pain,Colic or Gastrointestinal Disturbance,Consult your vet for immediate evaluation and treatment options based on findings.
83,Cow,Unusual Breathing Pattern,Respiratory Issues,Consult your vet for evaluation and treatment options based on findings.
84,Cow,Staggering Gait,Neurological Issues,Consult your vet for evaluation and treatment options based on findings.
85,Cow,Hoof Cracking,Nutritional Deficiency or Injury,Consult your vet for hoof care recommendations and treatment options.
86,Cow,Unusual Milk Color,Infection or Hormonal Imbalance,Consult your vet for immediate evaluation; treatment may involve antibiotics.
87,Cow,Excessive Thirst,Diabetes or Kidney Issues,Consult your vet for evaluation and treatment options based on findings.
88,Cow,Recurrent Foul Odor,Digestive Issues or Infections,Consult your vet for evaluation; treatment may include antibiotics or dietary changes.
89,Cow,Eye Squinting,Eye Irritation or Infection,Consult your vet for evaluation; treatment may include topical medications or ointments.
90,Cow,Weight Loss,Illness or Nutritional Deficiency,Consult your vet for evaluation; treatment may involve dietary changes and supplementation.
91,Cow,Hyperactivity,Stress or Pain,Monitor for other symptoms and consult your vet for evaluation.
92,Cow,Unusual Breathing Rate,Respiratory Distress or Stress,Consult your vet for evaluation and treatment options based on findings.
93,Cow,Abnormal Heart Sounds,Heart Disease or Stress,Consult your vet for evaluation and treatment options based on findings.
94,Cow,Frequent Head Shaking,Pain or Neurological Issues,Consult your vet for evaluation and treatment options based on findings.
95,Cow,Changes in Appetite,Illness or Stress,Monitor for other symptoms and consult your vet for evaluation.
96,Cow,Fever,Infection or Inflammation,Consult your vet for evaluation; treatment may include antibiotics or anti-inflammatories.
97,Cow,Dry Skin,Nutritional Deficiency or Environmental Stress,Consult your vet for evaluation; treatment may include dietary changes and moisturizers.
98,Cow,Restlessness,Pain or Stress,Monitor for signs of pain and consult your vet for evaluation.
99,Cow,Frequent Licking of Lips,Oral Issues or Stress,Consult your vet for evaluation; treatment may include oral care or stress management.
100,Cow,Abnormal Respiration,Respiratory Issues or Pain,Consult your vet for immediate evaluation and treatment options based on findings.
101,Cow,Change in Milk Consistency,Hormonal Imbalance or Mastitis,Consult your vet for evaluation and treatment options based on findings.
102,Cow,Excessive Drooling,Oral Issues or Poisoning,Consult your vet for evaluation; treatment may include oral care or detoxification.
103,Cow,Weakness in Hind Legs,Neurological Issues or Pain,Consult your vet for evaluation and treatment options based on findings.
104,Cow,Recurring Infections,Immunosuppression or Environmental Stress,Consult your vet for evaluation and treatment options based on findings.
105,Cow,Unusual Eye Behavior,Neurological Issues or Pain,Consult your vet for evaluation and treatment options based on findings.
106,Cow,Inability to Calve,Reproductive Issues,Consult your vet for evaluation; treatment may involve assisted calving or surgery.
107,Cow,Abdominal Cramping,Digestive Disorders or Colic,Consult your vet for evaluation and treatment options based on findings.
108,Cow,Swollen Udders,Mastitis or Hormonal Imbalance,Consult your vet for immediate evaluation and treatment options based on findings.
109,Cow,Increase in Aggression,Pain or Stress,Consult your vet for evaluation; treatment may involve pain management or behavioral modification.
110,Cow,Loose Hoof,Nutritional Deficiency or Injury,Consult your vet for hoof care recommendations and treatment options.
111,Cow,Watery Eyes,Allergies or Infection,Consult your vet for evaluation; treatment may include topical solutions or medications.
112,Cow,Weak Immune Response,Nutritional Deficiencies or Stress,Consult your vet for dietary recommendations and potential supplements.
113,Cow,Severe Itching,Allergies or Parasites,Consult your vet for evaluation; treatments may include topical solutions or medications.
114,Cow,Stomach Hardness,Bloat or Digestive Issues,Consult your vet for immediate evaluation and treatment options based on findings.
115,Cow,Hair Loss,Stress or Nutritional Deficiencies,Consult your vet for evaluation; treatment may involve dietary changes and stress management.
116,Cow,Sore Hooves,Injury or Nutritional Deficiencies,Consult your vet for hoof care recommendations and treatment options.
117,Cow,Sudden Death,Severe Illness or Shock,Consult your vet for immediate evaluation; treatment will depend on findings.
118,Cow,Unusual Bleeding,Blood Disorders or Trauma,Consult your vet for immediate evaluation and treatment options based on findings.
119,Cow,Unresponsive to Stimuli,Severe Illness or Shock,Immediate veterinary care is crucial; treatment will depend on findings.
120,Cow,Increased Body Temperature,Infection or Inflammation,Consult your vet for evaluation and treatment options based on findings.
121,Cow,Cold Extremities,Shock or Poor Circulation,Consult your vet for immediate evaluation and treatment options based on findings.
122,Cow,Changes in Hoof Structure,Nutritional Deficiencies or Injury,Consult your vet for hoof care recommendations and treatment options.
123,Cow,Skin Flaking,Nutritional Deficiency or Dermatitis,Consult your vet for evaluation; treatment may include dietary changes or topical solutions.
124,Cow,Muscle Tremors,Nutritional Deficiency or Neurological Issues,Consult your vet for evaluation and treatment options based on findings.
125,Cow,Swollen Belly,Bloat or Digestive Disorders,Consult your vet for immediate evaluation and treatment options based on findings.
126,Cow,Frequent Vomiting,Gastrointestinal Disturbances,Consult your vet for evaluation and treatment options based on findings.
127,Cow,Increased Respiration,Pain or Respiratory Issues,Consult your vet for evaluation and treatment options based on findings.
128,Cow,Frequent Head Tilting,Neurological Issues,Consult your vet for evaluation and treatment options based on findings.
129,Cow,Restlessness at Night,Stress or Pain,Consult your vet for evaluation and treatment options based on findings.
130,Cow,Swelling around Abdomen,Gas or Digestive Disorders,Consult your vet for immediate evaluation and treatment options based on findings.
131,Cow,Frequent Sneezing,Allergies or Respiratory Infections,Consult your vet for evaluation and treatment options based on findings.
132,Cow,Grunting,Pain or Discomfort,Consult your vet for evaluation and treatment options based on findings.
133,Cow,Excessive Weight Loss,Illness or Nutritional Deficiencies,Consult your vet for evaluation and treatment options based on findings.
134,Cow,Difficult Calving,Reproductive Issues,Consult your vet for evaluation and potential assistance with calving.
135,Cow,Unusual Movements,Neurological Issues,Consult your vet for evaluation and treatment options based on findings.
136,Cow,High Milk Production,Hormonal Imbalance or Overfeeding,Consult your vet for evaluation; dietary adjustments may be necessary.
137,Cow,Frequent Shivering,Cold Stress or Illness,Provide warmth and consult your vet for evaluation and treatment options.
138,Cow,Weak Bones,Nutritional Deficiency or Injury,Consult your vet for dietary recommendations and potential supplements.
139,Cow,Constipation,Dietary Issues or Dehydration,Consult your vet for evaluation; treatment may include dietary adjustments or medications.
140,Cow,Fever and Coughing,Pneumonia or Respiratory Infection,Consult your vet for immediate evaluation and treatment options based on findings.
141,Cow,Unusual Body Posture,Pain or Discomfort,Consult your vet for evaluation and treatment options based on findings.
142,Cow,Swollen Feet,Lameness or Foot Rot,Consult your vet for evaluation; treatment may include hoof care and antibiotics.
143,Cow,Skin Discoloration,Allergies or Infections,Consult your vet for evaluation; treatment may include topical solutions or medications.
144,Cow,Trembling,Pain or Neurological Issues,Consult your vet for evaluation and treatment options based on findings.
145,Cow,Bloating,Digestive Disturbances,Consult your vet for immediate evaluation and treatment options based on findings.
146,Cow,Fever and Vomiting,Gastrointestinal Infection,Consult your vet for evaluation; treatment may include supportive care and antibiotics.
147,Cow,Weakness,Illness or Nutritional Deficiency,Consult your vet for evaluation and treatment options based on findings.
148,Cow,Seizures,Neurological Issues,Consult your vet for immediate evaluation and treatment options based on findings.
149,Cow,Change in Breath Smell,Respiratory Infection or Digestive Issues,Consult your vet for evaluation and treatment options based on findings.
150,Cow,Irregular Heartbeat,Heart Disease or Stress,Consult your vet for evaluation; treatment may involve medications or supportive care.
151,Cow,Teeth Grinding,Pain or Stress,Consult your vet for pain relief and possible stress management.
152,Cow,Bulging Eyes,Glaucoma or Infection,Immediate veterinary care for diagnosis and appropriate treatment.
153,Cow,Ear Drooping,Ear Infection or Injury,Consult your vet; antibiotics or ear drops may be recommended.
154,Cow,Oozing Wounds,Infection or Trauma,Clean the wound and consult your vet for antibiotics.
155,Cow,Decreased Appetite,Illness or Digestive Issues,Consult your vet; treatment depends on the underlying cause.
156,Cow,Excessive Drooling,Mouth Infection or Poisoning,Consult your vet for evaluation and treatment options.
157,Cow,Eye Cloudiness,Cataracts or Eye Infection,Consult your vet for evaluation; treatment may include eye drops.
158,Cow,Cracked Hooves,Nutritional Deficiency or Hoof Disease,Hoof care and dietary adjustments as recommended by your vet.
159,Cow,Difficulty Standing,Lameness or Injury,Immediate vet care for diagnosis and potential supportive treatment.
160,Cow,Dehydration,Heat Stress or Illness,Ensure proper hydration and consult your vet for further treatment.
161,Cow,Swollen Neck,Lymph Node Infection or Abscess,Veterinary evaluation for potential drainage and antibiotics.
162,Cow,Lack of Coordination,Neurological Disorder or Infection,Consult your vet for diagnosis and appropriate care.
163,Cow,Bloody Stool,Internal Injury or Infection,Immediate veterinary care to diagnose and treat the condition.
164,Cow,Frequent Urination,Urinary Infection or Kidney Issues,Veterinary diagnosis and treatment based on underlying cause.
165,Cow,Drooping Tail,Injury or Nerve Damage,Consult your vet for treatment options based on findings.
166,Cow,Rapid Weight Gain,Overfeeding or Hormonal Imbalance,Consult your vet for dietary management and evaluation.
167,Cow,Excessive Vocalization,Pain or Discomfort,Veterinary evaluation for pain management or other issues.
168,Cow,Skin Lesions,Parasites or Fungal Infection,Consult your vet; treatment may involve topical medications.
169,Cow,Excessive Thirst,Diabetes or Kidney Disease,Consult your vet for evaluation and treatment options.
170,Cow,Pus in Eyes,Eye Infection or Injury,Immediate vet care for appropriate antibiotics or other treatments.
171,Cow,Sudden Blindness,Neurological Issues or Injury,Consult your vet for diagnosis and treatment.
172,Cow,Hot Skin,Infection or Inflammation,Veterinary evaluation to determine cause and appropriate treatment.
173,Cow,Lethargy,Nutritional Deficiency or Illness,Consult your vet for evaluation and dietary adjustments.
174,Cow,Hunched Back,Pain or Discomfort,Veterinary evaluation for potential treatment based on findings.
175,Cow,Panting,Heat Stress or Respiratory Issues,Ensure proper ventilation and consult your vet for further care.
176,Cow,Skin Ulcers,Infection or Parasites,Veterinary care with possible antibiotics or parasite control.
177,Cow,Pale Gums,Anemia or Blood Loss,Immediate veterinary care to diagnose and treat.
178,Cow,Excessive Fatigue,Illness or Nutritional Deficiency,Consult your vet for further diagnosis and appropriate care.
179,Cow,Loss of Balance,Ear Infection or Neurological Issues,Consult your vet for evaluation and treatment.
180,Cow,Coughing Blood,Lung Injury or Severe Infection,Immediate veterinary attention required.
181,Cow,Reddened Skin,Allergies or Inflammation,Consult your vet; treatment may involve topical solutions.
182,Cow,Joint Swelling,Arthritis or Injury,Consult your vet for pain relief and anti-inflammatory treatments.
183,Cow,Slow Growth,Nutritional Deficiency or Parasites,Consult your vet for dietary adjustments and deworming treatments.
184,Cow,Excessive Flatulence,Digestive Issues,Consult your vet for dietary changes and treatment options.
185,Cow,Ear Discharge,Ear Infection or Foreign Object,Consult your vet for ear cleaning and treatment options.
186,Cow,Limping,Injury or Hoof Issues,Veterinary evaluation for proper hoof care or injury treatment.
187,Cow,Poor Coat Condition,Nutritional Deficiency or Parasites,Consult your vet for dietary changes and possible parasite control.
188,Cow,Persistent Cough,Respiratory Infection or Allergies,"Veterinary care for diagnosis and treatment, such as antibiotics."
189,Cow,Swollen Gums,Dental Issues or Infection,Veterinary dental care and possible antibiotics.
190,Cow,Excessive Salivation,Mouth Injury or Infection,Consult your vet for diagnosis and appropriate treatment.
191,Cow,Loss of Appetite,Illness or Digestive Issues,Consult your vet for evaluation and treatment options.
192,Cow,Head Pressing,Neurological Issues or Pain,Immediate veterinary attention for diagnosis and treatment.
193,Cow,Sneezing,Respiratory Infection or Irritants,"Consult your vet for diagnosis and treatment, such as antihistamines."
194,Cow,Sudden Weight Loss,Illness or Parasites,Veterinary evaluation for treatment and dietary adjustments.
195,Cow,Swollen Ears,Ear Infection or Abscess,Veterinary care for appropriate treatment based on findings.
196,Cow,Loss of Milk Production,Stress or Illness,Consult your vet for evaluation and treatment options.
197,Cow,Excessive Sleeping,Illness or Nutritional Deficiency,Consult your vet for further evaluation and dietary changes.
198,Cow,Frequent Diarrhea,Gastrointestinal Issues or Infection,Veterinary care for diagnosis and possible dietary adjustments.
199,Cow,Swollen Jaw,Abscess or Dental Issues,Consult your vet for treatment options such as antibiotics or drainage.
200,Cow,Weak Calf,Nutritional Deficiency or Illness,Immediate vet evaluation for dietary support and care.
1,Rabbit,Abnormal droppings,Gastrointestinal Stasis,Offer fresh greens and plenty of water; consult your vet.
2,Rabbit,Blood in urine,Urinary Tract Infection,Increase water intake; consult your vet for antibiotics.
3,Rabbit,Change in appetite,Dental Issues,Provide hay for dental health; consult your vet if severe.
4,Rabbit,Constipation,Gastrointestinal Stasis,Offer extra fiber like hay; consult your vet if it persists.
5,Rabbit,Diarrhea,Bacterial Infection,Reduce greens and consult your vet; offer hydration.
6,Rabbit,Hunched posture,Pain or Illness,Monitor closely; consult your vet if persistent.
7,Rabbit,Lethargy,Illness or Stress,Provide a quiet environment; consult your vet if severe.
8,Rabbit,Loss of fur,Stress or Parasites,Check for fleas or mites; consult your vet for treatment.
9,Rabbit,Loud grinding teeth,Dental Pain,Provide chew toys and hay; consult your vet for evaluation.
10,Rabbit,Overgrown teeth,Dental Issues,Provide chew items; consult your vet for trimming.
11,Rabbit,Pawing at face,Pain or Irritation,Check for injuries; consult your vet for evaluation.
12,Rabbit,Red eyes,Allergies or Infection,Clean with saline solution; consult your vet if severe.
13,Rabbit,Sneezing,Respiratory Infection,Keep the environment clean; consult your vet for treatment.
14,Rabbit,Stomach bloating,Gastrointestinal Stasis,Offer tummy rubs and water; consult your vet if severe.
15,Rabbit,Swollen abdomen,Gastrointestinal Issues,Monitor diet and hydration; consult your vet if persists.
16,Rabbit,Unusual vocalizations,Stress or Pain,Provide a calm environment; consult your vet if severe.
17,Rabbit,Weight loss,Illness or Stress,Consult your vet for evaluation and dietary support.
18,Rabbit,Wetness around the bottom,Urinary Tract Infection,Increase fiber in diet; consult your vet for antibiotics.
19,Rabbit,Wobbly gait,Neurological Issues,Consult your vet for evaluation and treatment options.
20,Rabbit,Skin irritation,Allergies or Parasites,Apply a soothing aloe gel; consult your vet for treatment.
21,Rabbit,Poor grooming,Pain or Illness,Ensure easy access to grooming areas; consult your vet if severe.
22,Rabbit,Excessive chewing,Boredom or Dental Issues,Provide chew toys; consult your vet for evaluation.
23,Rabbit,Coughing,Respiratory Issues,Keep the area clean; consult your vet for evaluation.
24,Rabbit,Excessive shedding,Seasonal Change or Stress,Ensure proper nutrition; consult your vet if excessive.
25,Rabbit,Whining,Pain or Discomfort,Monitor behavior; consult your vet if persistent.
26,Rabbit,Stiffness in limbs,Arthritis or Pain,Provide comfortable bedding; consult your vet for pain relief.
27,Rabbit,Changes in behavior,Stress or Illness,Monitor environment; consult your vet if behavior changes persist.
28,Rabbit,Scratching excessively,Parasites or Allergies,Check for fleas or mites; consult your vet for treatment.
29,Rabbit,Frequent urination,Urinary Tract Infection,Increase water intake; consult your vet for evaluation.
30,Rabbit,Lack of grooming,Pain or Illness,Provide easy access to grooming; consult your vet if severe.
31,Rabbit,Stiff fur,Stress or Skin Conditions,Ensure proper nutrition; consult your vet for evaluation.
32,Rabbit,Swollen joints,Arthritis or Infection,Provide comfortable bedding; consult your vet for treatment.
33,Rabbit,Lumps or bumps,Tumors or Abscesses,Consult your vet for evaluation and potential treatment.
34,Rabbit,Increased thirst,Illness or Dehydration,Ensure constant access to fresh water; consult your vet if severe.
35,Rabbit,Lethargic behavior,Illness or Stress,Provide a calm environment; consult your vet if behavior persists.
36,Rabbit,Foul-smelling droppings,Gastrointestinal Issues,Consult your vet for evaluation and dietary adjustments.
37,Rabbit,Patches of fur missing,Parasites or Stress,Consult your vet for evaluation and treatment options.
38,Rabbit,Red or inflamed skin,Allergies or Infection,Clean with warm water; consult your vet for evaluation.
39,Rabbit,Swelling around the eyes,Allergies or Infection,Clean with saline solution; consult your vet for evaluation.
40,Rabbit,Slow movement,Pain or Neurological Issues,Consult your vet for evaluation and treatment options.
41,Rabbit,Broken nails,Injury or Overgrown Nails,Trim carefully and provide scratching posts; consult your vet if needed.
42,Rabbit,Limping,Injury or Pain,Keep the area safe; consult your vet for evaluation.
43,Rabbit,Abnormal grooming,Stress or Illness,Monitor behavior; consult your vet if persistent.
44,Rabbit,Eye discharge,Infection or Allergies,Clean with warm water; consult your vet for treatment options.
45,Rabbit,Noisy breathing,Respiratory Issues,Ensure clean air; consult your vet for evaluation.
46,Rabbit,Cold ears,Hypothermia or Illness,Provide warmth and a comfortable environment; consult your vet if severe.
47,Rabbit,Discoloration of urine,Liver Issues or Dehydration,Consult your vet for evaluation and treatment options.
48,Rabbit,Excessive drooling,Dental Issues,Provide chew items; consult your vet for treatment.
49,Rabbit,Fading appetite,Illness or Stress,Offer fresh greens and consult your vet if severe.
50,Rabbit,Fluffed up body,Illness or Pain,Keep warm; consult your vet for evaluation and treatment.
51,Rabbit,Weakness in back legs,Neurological Issues,Consult your vet for evaluation and treatment options.
52,Rabbit,Redness in the eyes,Allergies or Infection,Clean with saline solution; consult your vet for treatment.
53,Rabbit,Swollen face,Allergies or Infection,Consult your vet for evaluation and treatment options.
54,Rabbit,Chewing cage bars,Boredom or Anxiety,Provide chew toys and mental stimulation; consult your vet for advice.
55,Rabbit,Hiding more than usual,Stress or Illness,Provide a safe space; consult your vet if behavior persists.
56,Rabbit,Difficulty in hopping,Injury or Weakness,Consult your vet for evaluation and treatment options.
57,Rabbit,Bloating,Gastrointestinal Issues,Provide tummy rubs and gentle movement; consult your vet if severe.
58,Rabbit,Rapid breathing,Pain or Stress,Keep the environment calm; consult your vet for evaluation.
59,Rabbit,Loss of interest in play,Stress or Illness,Encourage play; consult your vet if behavior persists.
60,Rabbit,Changes in coat texture,Nutritional Deficiency,Ensure proper diet; consult your vet for evaluation.
61,Rabbit,Swollen lymph nodes,Infection or Illness,Consult your vet for evaluation and treatment options.
62,Rabbit,Skin sores,Bacterial Infection or Injury,Keep clean; consult your vet for evaluation and treatment.
63,Rabbit,Abnormal heart rate,Illness or Stress,Consult your vet for evaluation and potential treatment.
64,Rabbit,Overheating,Heat Stress,Provide cool water and shade; consult your vet if severe.
65,Rabbit,Weepy eyes,Infection or Allergies,Clean with saline solution; consult your vet for treatment.
66,Rabbit,Frequent scratching,Parasites or Allergies,Check for fleas or mites; consult your vet for treatment.
67,Rabbit,Excessive biting,Pain or Stress,Provide safe toys; consult your vet if behavior persists.
68,Rabbit,Head tilt,Neurological Issues,Consult your vet for evaluation and treatment options.
69,Rabbit,Unusual vocalizations,Stress or Pain,Monitor behavior; consult your vet if persistent.
70,Rabbit,Sluggishness,Illness or Stress,Ensure hydration and comfort; consult your vet if severe.
71,Rabbit,Cold extremities,Hypothermia,Provide warmth and a comfortable environment; consult your vet if severe.
72,Rabbit,Abnormal behavior,Stress or Illness,Monitor closely; consult your vet if behavior changes persist.
73,Rabbit,Reluctance to move,Pain or Illness,Provide a comfortable environment; consult your vet if severe.
74,Rabbit,Noise while breathing,Respiratory Issues,Ensure clean air; consult your vet for evaluation.
75,Rabbit,Skin irritation,Allergies or Infection,Apply aloe vera gel; consult your vet for treatment.
76,Rabbit,Abdominal tenderness,Gastrointestinal Issues,Consult your vet for evaluation and treatment options.
77,Rabbit,Weakened hind legs,Neurological Issues,Consult your vet for evaluation and treatment options.
78,Rabbit,Shaking,Pain or Cold,Provide warmth; consult your vet if shaking persists.
79,Rabbit,Hyperactivity,Stress or Boredom,Provide mental stimulation; consult your vet for advice.
80,Rabbit,Lack of grooming,Pain or Illness,Ensure easy access to grooming; consult your vet if severe.
81,Rabbit,Staring blankly,Stress or Neurological Issues,Monitor behavior; consult your vet for evaluation.
82,Rabbit,Swollen belly,Gastrointestinal Issues,Consult your vet for evaluation and treatment options.
83,Rabbit,Noise while eating,Dental Pain,Offer softer foods; consult your vet for evaluation.
84,Rabbit,Chewing on non-food items,Boredom or Stress,Provide safe chew toys; consult your vet for advice.
85,Rabbit,Vomiting,Gastrointestinal Stasis,Consult your vet for evaluation and treatment options.
86,Rabbit,Changes in sleep patterns,Stress or Illness,Provide a calm environment; consult your vet if behavior changes persist.
87,Rabbit,Lumps in the abdomen,Tumors or Abscesses,Consult your vet for evaluation and potential treatment.
88,Rabbit,Thumping feet,Fear or Discomfort,Provide a safe space; consult your vet if behavior persists.
89,Rabbit,Stiffness in neck,Pain or Neurological Issues,Consult your vet for evaluation and treatment options.
90,Rabbit,Frequent yawning,Fatigue or Stress,Provide a comfortable environment; consult your vet if behavior persists.
91,Rabbit,Inability to hop,Injury or Illness,Consult your vet for evaluation and treatment options.
92,Rabbit,Weight gain,Overfeeding or Lack of Exercise,Monitor diet and provide exercise; consult your vet for evaluation.
93,Rabbit,Lethargy in the morning,Sleep Cycle Issues,Ensure comfort and safety; consult your vet if persistent.
94,Rabbit,Overheating,Heat Stress,Provide cool water and shade; consult your vet if severe.
95,Rabbit,Cold ears,Hypothermia or Illness,Provide warmth; consult your vet if severe.
96,Rabbit,Increased aggression,Stress or Pain,Monitor environment; consult your vet if behavior persists.
97,Rabbit,Changes in coat color,Stress or Nutritional Deficiency,Ensure proper nutrition; consult your vet for evaluation.
98,Rabbit,Change in drinking habits,Illness or Dehydration,Ensure constant access to fresh water; consult your vet if severe.
99,Rabbit,Painful urination,Urinary Tract Infection,Increase water intake; consult your vet for antibiotics.
100,Rabbit,Skin lesions,Bacterial Infection or Injury,Consult your vet for evaluation and treatment options.
101,Rabbit,Irregular heartbeat,Stress or Illness,Consult your vet for evaluation and potential treatment.
102,Rabbit,Hyperventilation,Stress or Heat,Provide cool air; consult your vet if symptoms persist.
103,Rabbit,Painful joints,Arthritis or Injury,Provide comfortable bedding; consult your vet for pain relief.
104,Rabbit,Unusual aggression,Pain or Stress,Monitor behavior; consult your vet if it persists.
105,Rabbit,Dull coat,Nutritional Deficiency,Ensure proper diet; consult your vet for evaluation.
106,Rabbit,Poor vision,Age or Illness,Consult your vet for evaluation and treatment options.
107,Rabbit,Broken tooth,Injury or Dental Issues,Consult your vet for evaluation and treatment options.
108,Rabbit,Skin infections,Bacterial Infection or Allergies,Keep clean and dry; consult your vet for evaluation.
109,Rabbit,Chewing on skin,Boredom or Stress,Provide safe chew toys; consult your vet for advice.
110,Rabbit,Weakened immune system,Stress or Illness,Ensure proper nutrition; consult your vet for evaluation.
111,Rabbit,Constant sniffing,Allergies or Infection,Monitor closely; consult your vet for evaluation.
112,Rabbit,Sore paws,Injury or Overgrown Nails,Consult your vet for evaluation and treatment options.
113,Rabbit,Red or watery eyes,Allergies or Infection,Clean with saline solution; consult your vet for treatment.
114,Rabbit,Weakness in front legs,Neurological Issues,Consult your vet for evaluation and treatment options.
115,Rabbit,Flaky skin,Allergies or Dryness,Ensure proper hydration and nutrition; consult your vet for evaluation.
116,Rabbit,Lack of energy,Stress or Illness,Ensure hydration and comfort; consult your vet if severe.
117,Rabbit,Frequent scratching,Parasites or Allergies,Check for fleas or mites; consult your vet for treatment.
118,Rabbit,Change in vocalizations,Stress or Illness,Monitor closely; consult your vet if behavior changes persist.
119,Rabbit,Hissing,Fear or Pain,Provide a calm environment; consult your vet if behavior persists.
120,Rabbit,Skin rashes,Allergies or Infection,Consult your vet for evaluation and treatment options.
121,Rabbit,Ruffled fur,Stress or Illness,Ensure comfort; consult your vet if behavior changes persist.
122,Rabbit,Poor appetite,Illness or Stress,Offer fresh greens; consult your vet if severe.
123,Rabbit,Excessive licking,Boredom or Stress,Provide toys; consult your vet if behavior persists.
124,Rabbit,Difficulty breathing,Respiratory Issues,Consult your vet for evaluation and treatment options.
125,Rabbit,Disorientation,Neurological Issues,Consult your vet for evaluation and treatment options.
126,Rabbit,Pale gums,Anemia or Illness,Consult your vet for evaluation and treatment options.
127,Rabbit,Poor coat quality,Nutritional Deficiency,Ensure proper diet; consult your vet for evaluation.
128,Rabbit,Confusion,Neurological Issues,Consult your vet for evaluation and treatment options.
129,Rabbit,Loss of balance,Neurological Issues,Consult your vet for evaluation and treatment options.
130,Rabbit,Frequent whining,Pain or Discomfort,Consult your vet for evaluation and treatment options.
131,Rabbit,Loss of appetite,Illness or Stress,Ensure access to fresh food; consult your vet if severe.
132,Rabbit,Swollen lymph nodes,Infection or Illness,Consult your vet for evaluation and treatment options.
133,Rabbit,Changes in grooming behavior,Stress or Illness,Monitor closely; consult your vet if behavior changes persist.
134,Rabbit,Bruising,Injury or Blood Disorders,Consult your vet for evaluation and treatment options.
135,Rabbit,Dehydration,Illness or Lack of Water,Ensure access to fresh water; consult your vet if severe.
136,Rabbit,Loss of weight,Illness or Stress,Consult your vet for evaluation and treatment options.
137,Rabbit,Rapid weight loss,Illness or Stress,Consult your vet for evaluation and treatment options.
138,Rabbit,Coughing,Respiratory Issues,Consult your vet for evaluation and treatment options.
139,Rabbit,Stiffness in limbs,Pain or Neurological Issues,Consult your vet for evaluation and treatment options.
140,Rabbit,Lethargy during play,Illness or Stress,Consult your vet for evaluation and treatment options.
141,Rabbit,Agitation,Stress or Pain,Provide a calm environment; consult your vet if behavior persists.
142,Rabbit,Excessive grooming,Stress or Skin Irritation,Monitor behavior; consult your vet if it persists.
143,Rabbit,Decreased socialization,Stress or Illness,Provide comfort; consult your vet if behavior changes persist.
144,Rabbit,Increased vocalizations,Stress or Illness,Monitor closely; consult your vet if behavior changes persist.
145,Rabbit,Loss of hair,Stress or Allergies,Consult your vet for evaluation and treatment options.
146,Rabbit,Bad breath,Dental Issues or Illness,Consult your vet for evaluation and treatment options.
147,Rabbit,Coughing,Respiratory Issues,Consult your vet for evaluation and treatment options.
148,Rabbit,Loss of interest in play,Illness or Stress,Monitor behavior; consult your vet if behavior changes persist.
149,Rabbit,Lethargy after exercise,Fatigue or Illness,Provide rest; consult your vet if symptoms persist.
150,Rabbit,Abnormal body temperature,Illness or Stress,Consult your vet for evaluation and treatment options.
151,Rabbit,Inactivity,Illness or Stress,Monitor behavior; consult your vet if it persists.
152,Rabbit,Teeth grinding,Pain or Stress,Provide comfort and consult your vet if behavior persists.
153,Rabbit,Poor coordination,Neurological Issues,Consult your vet for evaluation and treatment options.
154,Rabbit,Unusual chewing,Pain or Stress,Consult your vet for evaluation and treatment options.
155,Rabbit,Stiffness in back,Pain or Neurological Issues,Consult your vet for evaluation and treatment options.
156,Rabbit,Weight loss,Illness or Stress,Consult your vet for evaluation and treatment options.
157,Rabbit,Frequent urination,Urinary Tract Infection,Increase water intake; consult your vet for antibiotics.
158,Rabbit,Changes in eating habits,Illness or Stress,Monitor closely; consult your vet if behavior changes persist.
159,Rabbit,Scratching at ears,Ear Mites or Infection,Consult your vet for evaluation and treatment options.
160,Rabbit,Unusual head movements,Neurological Issues,Consult your vet for evaluation and treatment options.
161,Rabbit,Hoarding food,Stress or Environmental Changes,Provide comfort; consult your vet if behavior persists.
162,Rabbit,Recurring infections,Stress or Weakened Immune System,Consult your vet for evaluation and treatment options.
163,Rabbit,Swollen paws,Injury or Allergies,Consult your vet for evaluation and treatment options.
164,Rabbit,Weakness in hind legs,Neurological Issues,Consult your vet for evaluation and treatment options.
165,Rabbit,Frequent diarrhea,Gastrointestinal Issues,Consult your vet for evaluation and treatment options.
166,Rabbit,Loss of appetite,Illness or Stress,Consult your vet for evaluation and treatment options.
167,Rabbit,Skin lumps,Tumors or Abscesses,Consult your vet for evaluation and treatment options.
168,Rabbit,Change in fur texture,Nutritional Deficiency,Consult your vet for evaluation and treatment options.
169,Rabbit,Changes in drinking habits,Illness or Dehydration,Ensure constant access to fresh water; consult your vet if severe.
170,Rabbit,Weight fluctuation,Illness or Overfeeding,Monitor diet; consult your vet if behavior changes persist.
171,Rabbit,Hunched posture,Pain or Illness,Provide comfort; consult your vet if severe.
172,Rabbit,Loud breathing,Respiratory Issues,Ensure clean air; consult your vet for evaluation.
173,Rabbit,Excessive drooling,Dental Issues or Illness,Consult your vet for evaluation and treatment options.
174,Rabbit,Bruises,Injury or Blood Disorders,Consult your vet for evaluation and treatment options.
175,Rabbit,High-pitched vocalizations,Fear or Pain,Provide a safe environment; consult your vet if behavior persists.
176,Rabbit,Red or inflamed eyes,Allergies or Infection,Consult your vet for evaluation and treatment options.
177,Rabbit,Weakness in one leg,Injury or Neurological Issues,Consult your vet for evaluation and treatment options.
178,Rabbit,Painful urination,Urinary Tract Infection,Increase water intake; consult your vet for antibiotics.
179,Rabbit,Skin scaling,Fungal Infection,Consult your vet for evaluation and treatment options.
180,Rabbit,Weakness in back legs,Neurological Issues,Consult your vet for evaluation and treatment options.
181,Rabbit,Head bobbing,Pain or Neurological Issues,Consult your vet for evaluation and treatment options.
182,Rabbit,Poor digestion,Gastrointestinal Issues,Consult your vet for evaluation and treatment options.
183,Rabbit,Inability to stand,Pain or Neurological Issues,Consult your vet for evaluation and treatment options.
184,Rabbit,Twitching,Pain or Neurological Issues,Consult your vet for evaluation and treatment options.
185,Rabbit,Loss of fur,Stress or Illness,Consult your vet for evaluation and treatment options.
186,Rabbit,Excessive chewing,Boredom or Stress,Provide safe chew toys; consult your vet if behavior persists.
187,Rabbit,Increased sensitivity,Pain or Stress,Monitor behavior; consult your vet if it persists.
188,Rabbit,Difficulty moving,Injury or Illness,Provide comfort; consult your vet for evaluation.
189,Rabbit,Changes in water intake,Illness or Dehydration,Ensure constant access to fresh water; consult your vet if severe.
190,Rabbit,Skin discoloration,Allergies or Infection,Consult your vet for evaluation and treatment options.
191,Rabbit,Abnormal breathing,Respiratory Issues,Consult your vet for evaluation and treatment options.
192,Rabbit,Weight loss,Illness or Stress,Consult your vet for evaluation and treatment options.
193,Rabbit,Cold body temperature,Hypothermia,Provide warmth; consult your vet if severe.
194,Rabbit,Hunched posture,Pain or Illness,Provide comfort; consult your vet if severe.
195,Rabbit,Swollen belly,Gastrointestinal Issues,Consult your vet for evaluation and treatment options.
196,Rabbit,Changes in play behavior,Stress or Illness,Monitor closely; consult your vet if behavior changes persist.
197,Rabbit,Loss of coordination,Neurological Issues,Consult your vet for evaluation and treatment options.
198,Rabbit,Unusual movement patterns,Pain or Neurological Issues,Consult your vet for evaluation and treatment options.
199,Rabbit,Weakness,Illness or Stress,Consult your vet for evaluation and treatment options.
200,Rabbit,Excessive licking,Skin Irritation or Stress,Consult your vet for evaluation and treatment options.
201,Rabbit,Decreased activity level,Illness or Stress,Monitor closely; consult your vet if behavior changes persist.
202,Rabbit,Decreased grooming,Stress or Illness,Monitor behavior; consult your vet if behavior changes persist.
203,Rabbit,Unusual noises,Stress or Illness,Monitor closely; consult your vet if behavior changes persist.
204,Rabbit,Frequent coughing,Respiratory Issues,Consult your vet for evaluation and treatment options.
205,Rabbit,Unusual vocalizations,Stress or Pain,Monitor closely; consult your vet if behavior changes persist.
206,Rabbit,Difficulty urinating,Urinary Tract Infection,Increase water intake; consult your vet for antibiotics.
207,Rabbit,Eye discharge,Infection or Allergies,Consult your vet for evaluation and treatment options.
208,Rabbit,Repetitive movements,Stress or Pain,Monitor closely; consult your vet if behavior changes persist.
209,Rabbit,Unusual tail movement,Neurological Issues,Consult your vet for evaluation and treatment options.
210,Rabbit,Change in behavior,Stress or Illness,Monitor closely; consult your vet if behavior changes persist.
211,Rabbit,Frequent sneezing,Allergies or Respiratory Issues,Consult your vet for evaluation and treatment options.
212,Rabbit,Increased sensitivity,Pain or Stress,Monitor behavior; consult your vet if it persists.
213,Rabbit,Change in fur color,Nutritional Deficiency,Consult your vet for evaluation and treatment options.
214,Rabbit,Weakness in front legs,Neurological Issues,Consult your vet for evaluation and treatment options.
215,Rabbit,Lethargy,Illness or Stress,Consult your vet for evaluation and treatment options.
216,Rabbit,Flinching,Pain or Stress,Provide comfort; consult your vet if it persists.
217,Rabbit,Excessive shedding,Stress or Seasonal Changes,Monitor closely; consult your vet if behavior changes persist.
218,Rabbit,Increased aggression,Stress or Pain,Monitor closely; consult your vet if behavior changes persist.
219,Rabbit,Weakness in tail,Neurological Issues,Consult your vet for evaluation and treatment options.
220,Rabbit,Decreased vocalizations,Stress or Illness,Monitor closely; consult your vet if behavior changes persist.
221,Rabbit,Poor coat condition,Nutritional Deficiency,Consult your vet for evaluation and treatment options.
222,Rabbit,Changes in behavior,Stress or Illness,Monitor closely; consult your vet if behavior changes persist.
223,Rabbit,Difficulty standing,Pain or Neurological Issues,Consult your vet for evaluation and treatment options.
224,Rabbit,Increased sensitivity to touch,Pain or Stress,Monitor behavior; consult your vet if it persists.
225,Rabbit,Abnormal heart rate,Stress or Illness,Consult your vet for evaluation and treatment options.
226,Rabbit,Loss of interest in surroundings,Stress or Illness,Monitor closely; consult your vet if behavior changes persist.
227,Rabbit,Increased urination,Urinary Tract Infection,Increase water intake; consult your vet for antibiotics.
228,Rabbit,Changes in fur appearance,Skin Infection or Allergies,Consult your vet for evaluation and treatment options.
229,Rabbit,Weakness in hind legs,Neurological Issues,Consult your vet for evaluation and treatment options.
230,Rabbit,Frequent head tilting,Neurological Issues,Consult your vet for evaluation and treatment options.
231,Rabbit,Skin lesions,Infection or Allergies,Consult your vet for evaluation and treatment options.
232,Rabbit,Sudden aggression,Pain or Stress,Monitor closely; consult your vet if behavior changes persist.
233,Rabbit,Weight fluctuation,Illness or Overfeeding,Monitor diet; consult your vet if behavior changes persist.
234,Rabbit,Frequent scratching,Skin Irritation or Allergies,Consult your vet for evaluation and treatment options.
235,Rabbit,Abnormal pupil size,Neurological Issues,Consult your vet for evaluation and treatment options.
236,Rabbit,Poor circulation,Illness or Stress,Consult your vet for evaluation and treatment options.
237,Rabbit,Changes in behavior,Stress or Illness,Monitor closely; consult your vet if behavior changes persist.
238,Rabbit,Stiffness in legs,Pain or Neurological Issues,Consult your vet for evaluation and treatment options.
239,Rabbit,Change in grooming habits,Stress or Illness,Monitor closely; consult your vet if behavior changes persist.
240,Rabbit,Excessive tail chasing,Stress or Boredom,Provide distraction and toys; consult your vet if behavior persists.
241,Rabbit,Disorientation,Neurological Issues,Consult your vet for evaluation and treatment options.
242,Rabbit,Changes in vocalization,Stress or Illness,Monitor closely; consult your vet if behavior changes persist.
243,Rabbit,Increased vocalization,Stress or Illness,Monitor closely; consult your vet if behavior changes persist.
244,Rabbit,Excessive pawing,Stress or Pain,Monitor behavior; consult your vet if it persists.
245,Rabbit,Painful abdomen,Gastrointestinal Issues,Consult your vet for evaluation and treatment options.
246,Rabbit,Frequent yawning,Stress or Fatigue,Provide a calm environment; consult your vet if behavior persists.
247,Rabbit,Restlessness,Stress or Illness,Provide a calm environment; consult your vet if behavior persists.
248,Rabbit,Eye twitching,Neurological Issues,Consult your vet for evaluation and treatment options.
249,Rabbit,Increased thirst,Illness or Dehydration,Ensure access to fresh water; consult your vet if severe.
250,Rabbit,Overeating,Stress or Boredom,Monitor diet; consult your vet if behavior changes persist.
251,Rabbit,Unusual tail posture,Neurological Issues,Consult your vet for evaluation and treatment options.
252,Rabbit,Changes in coat texture,Nutritional Deficiency,Consult your vet for evaluation and treatment options.
253,Rabbit,Excessive grooming,Stress or Skin Irritation,Monitor behavior; consult your vet if it persists.
254,Rabbit,Restlessness,Stress or Illness,Provide comfort; consult your vet if behavior changes persist.
255,Rabbit,Decreased appetite,Illness or Stress,Consult your vet for evaluation and treatment options.
256,Rabbit,Weight loss,Illness or Stress,Consult your vet for evaluation and treatment options.
257,Rabbit,Frequent urination,Urinary Tract Infection,Increase water intake; consult your vet for antibiotics.
258,Rabbit,Unexplained bruising,Injury or Blood Disorders,Consult your vet for evaluation and treatment options.
259,Rabbit,Frequent shaking,Stress or Illness,Provide comfort; consult your vet if behavior changes persist.
260,Rabbit,Weakness in limbs,Neurological Issues,Consult your vet for evaluation and treatment options.
261,Rabbit,Poor coat condition,Nutritional Deficiency,Consult your vet for evaluation and treatment options.
262,Rabbit,Changes in energy level,Stress or Illness,Monitor closely; consult your vet if behavior changes persist.
263,Rabbit,Aggression towards other pets,Stress or Territorial Behavior,Monitor behavior; consult your vet if it persists.
264,Rabbit,Changes in appetite,Stress or Illness,Monitor closely; consult your vet if behavior changes persist.
265,Rabbit,Skin irritation,Allergies or Insect Bites,Consult your vet for evaluation and treatment options.
266,Rabbit,Increased vocalization,Stress or Illness,Monitor closely; consult your vet if behavior changes persist.
267,Rabbit,Disinterest in play,Stress or Illness,Monitor closely; consult your vet if behavior changes persist.
268,Rabbit,Increased grooming,Stress or Skin Irritation,Monitor behavior; consult your vet if it persists.
269,Rabbit,Decreased grooming,Stress or Illness,Monitor behavior; consult your vet if behavior changes persist.
270,Rabbit,Sudden behavioral changes,Stress or Illness,Monitor closely; consult your vet if behavior changes persist.
271,Rabbit,Flinching or twitching,Pain or Neurological Issues,Consult your vet for evaluation and treatment options.
272,Rabbit,Unusual hiding behavior,Stress or Illness,Monitor closely; consult your vet if behavior changes persist.
273,Rabbit,Loss of appetite,Illness or Stress,Consult your vet for evaluation and treatment options.
274,Rabbit,Changes in water intake,Illness or Stress,Consult your vet for evaluation and treatment options.
275,Rabbit,Changes in behavior,Stress or Illness,Monitor closely; consult your vet if behavior changes persist.
276,Rabbit,Loss of balance,Neurological Issues,Consult your vet for evaluation and treatment options.
277,Rabbit,Frequent itching,Skin Irritation or Allergies,Consult your vet for evaluation and treatment options.
278,Rabbit,Frequent hiding,Stress or Illness,Monitor behavior; consult your vet if behavior changes persist.
279,Rabbit,Excessive barking,Stress or Illness,Monitor closely; consult your vet if behavior changes persist.
280,Rabbit,Difficulty breathing,Respiratory Issues,Consult your vet for evaluation and treatment options.
281,Rabbit,Frequent whining,Stress or Illness,Monitor closely; consult your vet if behavior changes persist.
282,Rabbit,Difficulty swallowing,Illness or Pain,Consult your vet for evaluation and treatment options.
283,Rabbit,Changes in coat appearance,Nutritional Deficiency,Consult your vet for evaluation and treatment options.
284,Rabbit,Excessive drooling,Dental Issues or Illness,Consult your vet for evaluation and treatment options.
285,Rabbit,Sudden loss of coordination,Neurological Issues,Consult your vet for evaluation and treatment options.
286,Rabbit,Unusual aggression,Stress or Pain,Monitor closely; consult your vet if behavior changes persist.
287,Rabbit,Changes in grooming habits,Stress or Illness,Monitor closely; consult your vet if behavior changes persist.
288,Rabbit,Unusual tail behavior,Neurological Issues,Consult your vet for evaluation and treatment options.
289,Rabbit,Weakness in back legs,Neurological Issues,Consult your vet for evaluation and treatment options.
290,Rabbit,Increased vocalization,Stress or Illness,Monitor closely; consult your vet if behavior changes persist.
291,Rabbit,Changes in energy level,Stress or Illness,Monitor closely; consult your vet if behavior changes persist.
292,Rabbit,Unusual movement patterns,Pain or Neurological Issues,Consult your vet for evaluation and treatment options.
293,Rabbit,Frequent hiding,Stress or Illness,Monitor behavior; consult your vet if behavior changes persist.
294,Rabbit,Weight loss,Illness or Stress,Consult your vet for evaluation and treatment options.
295,Rabbit,Changes in tail posture,Neurological Issues,Consult your vet for evaluation and treatment options.
296,Rabbit,Excessive chewing,Stress or Dental Issues,Monitor behavior; consult your vet if behavior changes persist.
297,Rabbit,Decreased interest in surroundings,Stress or Illness,Monitor closely; consult your vet if behavior changes persist.
298,Rabbit,Changes in heart rate,Stress or Illness,Consult your vet for evaluation and treatment options.
299,Rabbit,Weakness in hind legs,Neurological Issues,Consult your vet for evaluation and treatment options.
300,Rabbit,Unusual posture,Neurological Issues,Consult your vet for evaluation and treatment options.
1,Hamster,Loss of Appetite,Wet Tail,Ensure hydration and consult your vet immediately. Treatment typically involves antibiotics and dietary changes to restore gut health.
2,Hamster,Diarrhea,Gastrointestinal Infection,Immediate veterinary attention is required. Treatment usually involves fluid therapy and antibiotics to manage the infection.
3,Hamster,Lethargy,Illness or Stress,"Monitor for other symptoms. If lethargy persists, consult your vet for a thorough examination and possible treatment options."
4,Hamster,Excessive Grooming,Stress or Skin Irritation,Identify and eliminate stressors. Providing a calm environment and regular grooming can help reduce excessive grooming behavior.
5,Hamster,Sneezing,Respiratory Infection,Treatment may include antibiotics and supportive care. Ensure the habitat is clean and free of irritants that may exacerbate respiratory issues.
6,Hamster,Difficulty Breathing,Respiratory Disease,Immediate veterinary attention is crucial. Treatment may involve oxygen therapy and medications to address the underlying cause of breathing difficulties.
7,Hamster,Abnormal Stool,Digestive Issues,Monitor for changes in diet or stress factors. Consult your vet for dietary adjustments and treatment to restore normal stool consistency.
8,Hamster,Swollen Abdomen,Gastrointestinal Stasis,"Immediate veterinary attention is required. Treatment typically involves pain relief, hydration, and possibly surgical intervention."
9,Hamster,Frequent Urination,Urinary Tract Infection,Treatment often includes antibiotics and increased hydration. Regular vet check-ups can help monitor urinary health and prevent infections.
10,Hamster,Hair Loss,Mites or Fungal Infection,Treatment usually involves topical medications and proper habitat cleaning. Regular veterinary check-ups are essential for managing skin health.
11,Hamster,Shaking,Pain or Stress,Consult your vet to determine the underlying cause. Treatment may involve pain management and creating a stress-free environment.
12,Hamster,Foul Odor,Dental Disease or Infection,Regular dental check-ups and proper oral care are essential. Treatment may involve cleanings or extractions based on the severity of the issue.
13,Hamster,Behavioral Changes,Pain or Illness,"Assess for other symptoms and consult your vet. Treatment depends on the underlying cause, and pain management or environmental changes may be necessary."
14,Hamster,Weakness,Illness or Dehydration,"Provide hydration and monitor for other symptoms. If weakness persists, consult your vet for potential underlying conditions and necessary treatments."
15,Hamster,Grunting,Pain or Respiratory Issues,Consult your vet for diagnosis and treatment options. Pain management and supportive care may be necessary based on the underlying cause of grunting.
16,Hamster,Eye Discharge,Conjunctivitis,Treatment typically involves cleaning the eyes and applying prescribed eye drops. Regular veterinary check-ups are essential for managing eye health.
17,Hamster,Cold Ears,Hypothermia,Warm your hamster gradually and consult your vet for further assessment. Ensure proper bedding and shelter to prevent hypothermia in cold conditions.
18,Hamster,Flatulence,Gastrointestinal Stasis,"Ensure your hamster has a proper diet rich in fiber and monitor for changes in eating habits. If flatulence persists, consult your vet for further evaluation and treatment."
19,Hamster,Excessive Thirst,Dehydration or Kidney Issues,"Ensure access to fresh water at all times. If excessive thirst continues, consult your vet for potential underlying conditions."
20,Hamster,Skin Rash,Allergies or Mites,Treatment may involve topical medications or changes in bedding. Regular veterinary check-ups are essential for managing skin health.
21,Hamster,Limping,Injury or Arthritis,Treatment may involve pain management and rest. Regular veterinary check-ups can help monitor joint health and prevent further issues.
22,Hamster,Rapid Breathing,Stress or Respiratory Issues,Consult your vet for diagnosis and treatment options. Management may involve creating a calm environment and addressing any underlying health concerns.
23,Hamster,Tumors,Cancer,Treatment may involve surgical removal or other therapies based on the type of tumor. Regular veterinary check-ups are essential for monitoring health and early detection.
24,Hamster,Vomiting,Gastrointestinal Issues,"Immediate veterinary attention is required. Treatment typically involves hydration, dietary changes, and medications to manage symptoms."
25,Hamster,Unusual Vocalizations,Pain or Stress,Monitor for other symptoms and consult your vet if unusual vocalizations persist. Treatment may involve pain management or behavioral interventions.
26,Hamster,Tail Chasing,Boredom or Behavioral Issues,Providing mental stimulation and exercise can help redirect this behavior. Interactive toys and regular playtime are beneficial in reducing tail chasing.
27,Hamster,Nail Growth Issues,Overgrown Nails,Regular nail trimming and veterinary check-ups are essential. Treatment may involve managing overgrowth and monitoring for injuries to the paws.
28,Hamster,Swollen Limbs,Infection or Injury,Consult your vet for diagnosis and treatment options. Management may involve medications and supportive care based on the underlying cause.
29,Hamster,Changes in Coat Texture,Nutritional Deficiencies,Treatment typically involves dietary adjustments to ensure balanced nutrition. Regular vet check-ups can help monitor coat health and prevent deficiencies.
30,Hamster,Hunched Posture,Pain or Discomfort,Observe for other symptoms; consult your vet for a thorough examination. Treatment may involve pain management and addressing underlying health issues.
31,Hamster,Increased Aggression,Pain or Stress,Consult your vet for evaluation. Treatment may involve behavioral training and pain management if aggression is linked to discomfort.
32,Hamster,Weak Pulse,Shock or Severe Illness,Immediate veterinary attention is critical. Treatment may involve stabilization and supportive care depending on the underlying cause.
33,Hamster,Tail Drooping,Stress or Illness,"Monitor for other symptoms; if drooping persists, consult your vet for further evaluation. Treatment may involve stress reduction and addressing any underlying health issues."
34,Hamster,Eye Squinting,Pain or Infection,Treatment typically involves cleaning and applying prescribed eye drops. Regular vet check-ups are essential for managing eye health and preventing future issues.
35,Hamster,Fading Color in Fur,Nutritional Deficiencies,Treatment may involve dietary changes to ensure balanced nutrition. Regular vet check-ups can help monitor coat health and prevent deficiencies.
36,Hamster,Constant Hiding,Stress or Illness,"Provide a safe and comfortable environment. If hiding continues, consult your vet for evaluation and potential treatment of underlying issues."
37,Hamster,Weight Loss,Dental Issues or Illness,"Consult your vet for a thorough examination. Treatment may involve addressing dental problems, dietary changes, or other medical interventions based on the underlying cause."
38,Hamster,Excessive Shedding,Stress or Allergies,Regular grooming can help manage shedding. Identify and eliminate potential allergens in the environment to reduce stress and improve coat health.
39,Hamster,Difficulty Walking,Injury or Arthritis,Consult your vet for diagnosis and treatment options. Management may involve pain relief and physical therapy to aid recovery and mobility.
40,Hamster,Scabs or Sores,Skin Infection or Allergies,Treatment usually involves cleaning the affected areas and applying topical medications. Identifying the cause is essential for effective management and prevention.
41,Hamster,Rapid Weight Gain,Cushing's Disease,Diagnosis involves blood tests and urine analysis. Treatment may include medication to manage symptoms and regular veterinary check-ups for monitoring.
42,Hamster,Cold or Hot Body,Environmental Stress,Ensure a comfortable environment and monitor temperature. Consult your vet for advice on maintaining optimal living conditions for your hamster.
43,Hamster,Difficulty Pooping,Gastrointestinal Issues,"Provide fresh hay and monitor hydration. If difficulty persists, consult your vet for dietary adjustments or potential treatments to restore normal bowel function."
44,Hamster,Persistent Hiccups,Stress or Gastrointestinal Issues,Consult your vet for diagnosis and treatment options. Management may involve dietary changes and creating a calm environment to reduce stress.
45,Hamster,Head Tilting,Ear Infection or Neurological Issues,Immediate veterinary attention is necessary. Treatment may involve medications and supportive care based on the underlying cause.
46,Hamster,Blood in Urine,Urinary Tract Infection,Consult your vet immediately for diagnosis. Treatment typically includes antibiotics and increased hydration to support urinary health.
47,Hamster,Weakness in Limbs,Neurological Issues,Consult your vet for diagnosis and potential treatments. Management may involve supportive care and monitoring for changes in mobility and strength.
48,Hamster,Unusual Growths,Tumors or Abscesses,Consult your vet for evaluation and treatment options. Management may involve surgical removal or other therapies based on the type of growth.
49,Hamster,Reluctance to Move,Pain or Illness,Consult your vet for a thorough examination. Treatment may involve pain management and environmental modifications to encourage movement and comfort.
50,Hamster,Increased Thirst,Diabetes or Kidney Issues,Consult your vet for testing and diagnosis. Management may involve dietary changes and regular monitoring of health parameters.
1,Ferret,Loss of Appetite,Insulinoma,Consult your vet for diagnosis and treatment. Management may involve dietary changes and medication to regulate insulin levels.
2,Ferret,Lethargy,Adrenal Disease,Monitor for additional symptoms and consult your vet. Treatment may involve medication or surgery to address adrenal tumors.
3,Ferret,Diarrhea,Gastrointestinal Infection,Immediate veterinary attention is necessary. Treatment may involve hydration and medications to address the infection.
4,Ferret,Excessive Sneezing,Allergies or Respiratory Infection,Consult your vet for diagnosis and treatment. Improving air quality and reducing allergens can help alleviate symptoms.
5,Ferret,Swollen Abdomen,Bloat or Gastroenteritis,Immediate veterinary care is crucial. Treatment may involve medication to relieve gas and dietary adjustments to prevent recurrence.
6,Ferret,Difficulty Breathing,Respiratory Disease,Consult your vet for diagnosis and treatment options. Maintaining a clean and well-ventilated living space is essential for respiratory health.
7,Ferret,Unusual Vocalizations,Stress or Pain,Monitor for other symptoms and consult your vet if vocalizations continue. Treatment may involve pain management and environmental adjustments.
8,Ferret,Blood in Urine,Urinary Tract Infection,Consult your vet immediately for diagnosis and treatment. Management typically involves antibiotics and hydration support.
9,Ferret,Weight Loss,Illness or Nutritional Deficiency,Ensure a balanced diet and consult your vet for a thorough examination to identify underlying issues.
10,Ferret,Limping,Injury or Arthritis,Consult your vet for diagnosis and treatment options. Treatment may involve pain relief and supportive care.
11,Ferret,Hair Loss,Adrenal Disease or Mites,Treatment usually involves medications and improving living conditions. Regular veterinary check-ups can help monitor skin health.
12,Ferret,Cold Ears,Hypothermia,Warm your ferret gradually and ensure proper bedding. Consult your vet if they show signs of severe distress.
13,Ferret,Wetness around Genitals,Urinary Tract Infection,Consult your vet for diagnosis and treatment. Maintain proper hygiene to support recovery.
14,Ferret,Scabby Skin,Skin Infection or Allergies,Treatment may involve topical medications and improving living conditions. Regular vet visits can help manage skin health.
15,Ferret,Hunched Posture,Pain or Discomfort,Observe for other symptoms; consult your vet for a thorough examination and potential treatment options.
16,Ferret,Changes in Coat Texture,Nutritional Deficiencies,Ensure a balanced diet and consult your vet if coat issues persist.
17,Ferret,Excessive Grooming,Stress or Skin Irritation,Identify and eliminate stressors in their environment. Regular grooming can help reduce excessive grooming behavior.
18,Ferret,Eye Discharge,Conjunctivitis,Treatment typically involves cleaning the eyes and applying prescribed eye drops. Regular vet check-ups are essential for managing eye health.
19,Ferret,Unusual Growths,Tumors or Abscesses,"Consult your vet for evaluation and treatment options. Management may involve surgical removal or monitoring, depending on the type of growth."
20,Ferret,Frequent Hiding,Stress or Illness,"Provide a safe and comfortable environment. If hiding continues, consult your vet for evaluation and potential treatment of underlying issues."
21,Ferret,Abnormal Feces,Digestive Issues,"Monitor diet and ensure proper hydration. Consult your vet if fecal abnormalities persist, as they may indicate underlying health issues."
22,Ferret,Weakness,Illness or Dehydration,"Provide hydration and monitor for other symptoms. If weakness persists, consult your vet for potential underlying conditions."
23,Ferret,Grinding Teeth,Dental Pain or Discomfort,Consult your vet for dental check-ups. Treatment may involve dental care or pain management based on the severity of the issue.
24,Ferret,Head Tilt,Neurological Issues,Immediate veterinary attention is necessary. Treatment may involve supportive care and addressing underlying health concerns.
25,Ferret,Changes in Behavior,Stress or Illness,Assess environmental factors and consult your vet for potential treatment options. Behavioral changes can indicate discomfort or pain.
26,Ferret,Vomiting,Gastrointestinal Issues,Immediate veterinary consultation is needed. Treatment may involve hydration and dietary changes to address underlying issues.
27,Ferret,Difficulty Eating,Dental Issues,Consult your vet for evaluation and possible dental treatment. Regular dental check-ups are essential for preventing eating difficulties.
28,Ferret,Foul Odor,Dental Disease or Infection,Regular dental check-ups and proper oral care are essential. Treatment may involve cleanings or extractions based on the severity of the issue.
29,Ferret,Tail Chasing,Boredom or Behavioral Issues,Providing mental stimulation and exercise can help redirect this behavior. Interactive toys and regular playtime are beneficial.
30,Ferret,Swollen Joints,Arthritis or Injury,Consult your vet for diagnosis and treatment options. Management may involve pain relief and environmental modifications to aid mobility.
31,Ferret,Squealing,Pain or Stress,Monitor for other symptoms and consult your vet if squealing persists. Treatment may involve pain management or addressing environmental stressors.
32,Ferret,Changes in Vocalization,Stress or Pain,Consult your vet for evaluation if vocal changes are significant. Identifying the cause can help manage any underlying issues.
33,Ferret,Changes in Breathing,Respiratory Issues,Consult your vet for diagnosis and treatment. Improving air quality and ensuring a stress-free environment can aid recovery.
34,Ferret,Pale Gums,Anemia or Illness,Immediate veterinary attention is required. Treatment may involve addressing underlying health issues and providing supportive care.
35,Ferret,Blood in Stool,Gastrointestinal Issues,Consult your vet for diagnosis and treatment. Management may involve dietary changes and medications to address underlying conditions.
36,Ferret,Skin Irritation,Allergies or Mites,Treatment may involve topical medications and ensuring a clean habitat. Regular vet visits are essential for managing skin health.
37,Ferret,Dehydration,Poor Hydration,"Ensure access to fresh water and provide hydration through fresh vegetables. If dehydration persists, consult your vet for further treatment."
38,Ferret,Unusual Breathing Sounds,Respiratory Disease,Consult your vet for diagnosis and treatment options. Maintaining clean and well-ventilated living conditions is essential for respiratory health.
39,Ferret,Unresponsive Behavior,Severe Illness or Shock,Immediate veterinary attention is critical. Treatment may involve stabilization and supportive care depending on the underlying cause.
40,Ferret,Changes in Weight,Illness or Nutritional Issues,Monitor diet and environmental conditions. Consult your vet if weight changes are significant and persistent.
41,Ferret,Clipped or Broken Nails,Improper Grooming,Regular grooming and proper habitat can help prevent nail issues. Consult your vet for trimming if nails are overgrown or damaged.
42,Ferret,Coughing,Respiratory Infection,Consult your vet for diagnosis and treatment. Improving air quality and ensuring a stress-free environment can aid recovery.
43,Ferret,Shortness of Breath,Respiratory Disease,Consult your vet immediately for diagnosis and treatment options. Ensure proper air circulation in their living space.
44,Ferret,Tail or Ear Injury,Trauma or Aggression,Consult your vet for diagnosis and treatment. Monitor the injury closely and provide a safe environment to prevent further harm.
45,Ferret,Abnormal Eye Appearance,Eye Infection or Injury,Immediate veterinary consultation is necessary. Treatment may involve cleaning and medications based on the diagnosis.
46,Ferret,Flinching or Jumping,Pain or Startle Response,Monitor for other symptoms and consult your vet if flinching continues. Identifying and eliminating stressors can help reduce anxiety.
47,Ferret,Excessive Salivation,Dental Disease or Illness,Consult your vet for diagnosis and treatment. Regular dental check-ups are essential for managing oral health.
48,Ferret,Shortened Lifespan,Aging or Illness,Regular veterinary check-ups are essential to monitor health as they age. Consult your vet for palliative care options to ensure comfort.
49,Ferret,Foul Breath,Dental Disease,Regular dental care and check-ups are crucial. Treatment may involve cleanings and managing underlying dental issues.
50,Ferret,Fluctuating Energy Levels,Illness or Stress,Monitor diet and environmental conditions. Consult your vet if energy levels fluctuate significantly and persist.
1,Hedgehog,Loss of Appetite,Stress or Illness,Ensure a stress-free environment and provide a balanced diet. Consult your vet if appetite does not improve.
2,Hedgehog,Lethargy,Illness or Environmental Stress,Monitor for additional symptoms and consult your vet if lethargy persists. Adjust habitat conditions for optimal temperature and humidity.
3,Hedgehog,Unusual Quilling,Stress or Health Issues,Monitor environmental conditions and consult your vet if quilling becomes excessive or irregular. Ensure a proper diet and habitat.
4,Hedgehog,Diarrhea,Gastrointestinal Issues,Monitor diet and ensure proper feeding schedules. Consult your vet if diarrhea persists for more than a day.
5,Hedgehog,Sneezing,Respiratory Infection,"Immediate veterinary consultation is necessary. Treatment may involve antibiotics and ensuring a warm, humid environment for recovery."
6,Hedgehog,Fluffed Quills,Stress or Cold,Ensure a warm environment and consult your vet if quills remain fluffed.
7,Hedgehog,Excessive Scratching,Skin Infection or Allergies,Consult your vet for diagnosis and treatment. Regular grooming and maintaining a clean habitat can help reduce irritation.
8,Hedgehog,Abnormal Feces,Digestive Issues,Monitor diet and consult your vet if fecal abnormalities persist. Dietary adjustments may be necessary.
9,Hedgehog,Weight Loss,Malnutrition or Illness,Ensure a balanced diet and consult your vet for a thorough examination. Dietary adjustments and supplements may be necessary.
10,Hedgehog,Hunched Posture,Stress or Illness,Monitor for other symptoms and consult your vet if the posture changes significantly.
11,Hedgehog,Unresponsive Behavior,Severe Illness or Shock,Immediate veterinary attention is critical. Treatment may involve stabilization and supportive care based on the underlying cause.
12,Hedgehog,Skin Irritation,Allergies or Infections,Treatment may involve topical medications and ensuring a clean habitat. Regular vet check-ups are essential for managing skin health.
13,Hedgehog,Excessive Hiding,Stress or Illness,Monitor environmental conditions and consult your vet if hiding becomes excessive. Providing enrichment can help reduce stress.
14,Hedgehog,Changes in Activity Levels,Illness or Environmental Stress,Monitor habitat conditions and consult your vet if activity levels fluctuate significantly.
15,Hedgehog,Foul Odor,Infection or Poor Hygiene,Consult your vet for diagnosis and treatment. Keep the habitat clean and monitor for signs of illness.
16,Hedgehog,Difficulty Breathing,Respiratory Issues,Consult your vet for diagnosis and treatment options. Maintaining clean and well-ventilated living conditions is essential for respiratory health.
17,Hedgehog,Unusual Vocalizations,Stress or Pain,Monitor for other symptoms and consult your vet if vocalizations become excessive or unusual.
18,Hedgehog,Excessive Weight Gain,Overfeeding or Health Issues,Consult your vet for dietary advice and adjust feeding practices. Regular exercise and play are important for maintaining a healthy weight.
19,Hedgehog,Unusual Movement,Neurological Issues,Consult your vet for evaluation. Abnormal movement can indicate underlying health issues that require further investigation.
20,Hedgehog,Changes in Eye Appearance,Infection or Dehydration,Consult your vet for diagnosis and treatment. Maintaining proper humidity levels can support eye health.
21,Hedgehog,Flinching,Pain or Stress,Monitor for other symptoms and consult your vet if flinching continues. Identifying and eliminating stressors can help reduce anxiety.
22,Hedgehog,Changes in Sleeping Habits,Stress or Illness,Monitor for additional symptoms and consult your vet if changes in sleep patterns persist.
23,Hedgehog,Excessive Grooming,Stress or Skin Issues,Monitor for underlying health problems and provide a stress-free environment. Consult your vet if grooming becomes excessive.
24,Hedgehog,Tail Loss,Trauma or Stress,Consult your vet for evaluation and treatment options. Monitor for signs of infection and provide a safe environment to prevent further injury.
25,Hedgehog,Changes in Habitat Usage,Stress or Illness,Assess habitat conditions and consult your vet if changes in behavior persist. Providing enrichment can help reduce stress.
26,Hedgehog,Cold or Shivering,Hypothermia,Warm the hedgehog gradually and ensure proper habitat temperature. Consult your vet if signs of severe distress appear.
27,Hedgehog,Unusual Tail Movement,Neurological Issues,Consult your vet for evaluation. Abnormal tail movement can indicate underlying health issues that require further investigation.
28,Hedgehog,Changes in Hair Texture,Nutritional Deficiencies,Consult your vet for assessment and treatment. Providing a balanced diet can help maintain healthy fur.
29,Hedgehog,Unusual Quill Loss,Infection or Nutritional Issues,Consult your vet for evaluation and treatment options. Regular check-ups can help detect issues early.
30,Hedgehog,Excessive Sleeping,Illness or Environmental Stress,Monitor habitat conditions and consult your vet if excessive sleeping continues.
31,Hedgehog,Changes in Skin Color,Infection or Stress,Consult your vet for evaluation. Maintaining a clean habitat can help prevent skin issues.
32,Hedgehog,Difficulty in Quilling,Stress or Health Issues,Consult your vet for evaluation. Ensuring a balanced diet and proper habitat conditions can support healthy quilling.
33,Hedgehog,Frequent Eye Closing,Eye Infection or Irritation,Consult your vet for diagnosis and treatment. Maintaining proper humidity and avoiding irritants can help alleviate discomfort.
34,Hedgehog,Unusual Aggression,Stress or Territorial Issues,Ensure ample space and environmental enrichment. Monitor interactions and consult your vet if aggressive behavior persists.
35,Hedgehog,Skin Flaking,Poor Nutrition or Dehydration,Consult your vet for evaluation and treatment. Providing a balanced diet and maintaining proper hydration can support skin health.
36,Hedgehog,Unusual Breathing Sounds,Respiratory Disease,Consult your vet for diagnosis and treatment options. Maintaining clean and well-ventilated living conditions is essential for respiratory health.
37,Hedgehog,Unusual Heat Seeking,Illness or Environmental Stress,Monitor habitat conditions and consult your vet if heat-seeking behavior persists.
38,Hedgehog,Changes in Grooming Habits,Stress or Health Issues,Monitor for additional symptoms and consult your vet if grooming habits change significantly.
39,Hedgehog,Unusual Aggression Towards Other Pets,Stress or Territory Issues,Monitor interactions and consult your vet for advice on managing aggression.
40,Hedgehog,Changes in Energy Levels,Illness or Stress,Monitor habitat conditions and consult your vet if energy levels fluctuate significantly and persist.
41,Hedgehog,Changes in Social Behavior,Stress or Illness,Assess environmental factors and consult your vet for potential treatment options. Behavioral changes can indicate discomfort or pain.
42,Hedgehog,Foul Breath,Dental Issues,Regular dental care is essential. Consult your vet for evaluation and possible treatments to address dental health.
43,Hedgehog,Changes in Quilling Frequency,Stress or Health Issues,Consult your vet for assessment. Ensuring a balanced diet and proper habitat conditions can help support healthy quilling.
44,Hedgehog,Loss of Quills,Stress or Skin Infection,Consult your vet for evaluation. Maintaining a clean habitat can help prevent skin issues.
45,Hedgehog,Changes in Play Behavior,Stress or Illness,Monitor for additional symptoms and consult your vet if changes in play behavior persist.
46,Hedgehog,Frequent Yawning,Stress or Fatigue,Monitor environmental factors and provide enrichment. Consult your vet if yawning becomes excessive.
47,Hedgehog,Skin Lesions,Infection or Injury,Consult your vet for diagnosis and treatment. Keeping the habitat clean and monitoring for additional symptoms is important.
48,Hedgehog,Changes in Quill Texture,Nutritional Deficiencies,Consult your vet for assessment and treatment. Providing a balanced diet can help maintain healthy quills.
49,Hedgehog,Unusual Body Posture,Pain or Discomfort,Consult your vet for evaluation. Abnormal postures can indicate underlying health issues that require further investigation.
50,Hedgehog,Sudden Change in Behavior,Illness or Stress,Monitor environmental factors and consult your vet for assessment. Sudden behavioral changes can indicate discomfort or health issues.
1,Snake,Loss of Appetite,Stress or Illness,Ensure a stress-free environment and provide appropriate prey. Consult your vet if appetite does not improve.
2,Snake,Lethargy,Illness or Environmental Stress,Monitor for additional symptoms and consult your vet if lethargy persists. Adjust habitat conditions for optimal temperature and humidity.
3,Snake,Abnormal Feces,Digestive Issues,Monitor diet and ensure proper feeding schedules. Consult your vet if fecal abnormalities persist.
4,Snake,Swelling,Infection or Injury,Consult your vet for diagnosis and treatment options. Keep the habitat clean to prevent infections.
5,Snake,Respiratory Distress,Respiratory Infection,"Immediate veterinary consultation is necessary. Treatment may involve antibiotics and ensuring a warm, humid environment for recovery."
6,Snake,Excessive Shedding,Stress or Health Issues,Provide proper humidity and monitor for skin health. Consult your vet if shedding is excessive or abnormal.
7,Snake,Discoloration of Skin,Stress or Illness,Monitor environmental conditions and consult your vet for evaluation if discoloration occurs. Ensure proper lighting and humidity levels.
8,Snake,Flinching,Pain or Stress,Monitor for other symptoms and consult your vet if flinching continues. Identifying and eliminating stressors can help reduce anxiety.
9,Snake,Hunched Posture,Stress or Illness,Monitor for other symptoms and consult your vet if the posture changes significantly.
10,Snake,Weakness,Illness or Nutritional Deficiency,Ensure a balanced diet and consult your vet for a thorough examination. Dietary adjustments and supplements may be necessary.
11,Snake,Unresponsive Behavior,Severe Illness or Shock,Immediate veterinary attention is critical. Treatment may involve stabilization and supportive care based on the underlying cause.
12,Snake,Difficulty Breathing,Respiratory Issues,Consult your vet for diagnosis and treatment. Improving humidity and temperature can support respiratory health.
13,Snake,Abnormal Bubbles in Water,Respiratory Issues,Consult your vet for evaluation. Poor water quality can contribute to respiratory problems; ensure proper filtration and maintenance of the habitat.
14,Snake,Excessive Salivation,Oral Infection,Consult your vet for diagnosis and treatment. Regular oral care is essential for managing health.
15,Snake,Skin Irritation,Allergies or Infections,Treatment may involve topical medications and ensuring a clean habitat. Regular vet check-ups are essential for managing skin health.
16,Snake,Swollen Eyes,Conjunctivitis or Infection,Clean the eyes gently with saline solution and consult your vet for appropriate medications. Ensure the habitat is clean and free from irritants.
17,Snake,Color Changes,Stress or Illness,Consult your vet for evaluation if color changes are significant. Proper habitat care can aid in maintaining healthy coloration.
18,Snake,Unusual Growths,Tumors or Abscesses,"Consult your vet for evaluation and treatment options. Management may involve surgical removal or monitoring, depending on the type of growth."
19,Snake,Fluctuating Energy Levels,Illness or Stress,Monitor habitat conditions and consult your vet if energy levels fluctuate significantly and persist.
20,Snake,Changes in Behavior,Stress or Illness,Assess environmental factors and consult your vet for potential treatment options. Behavioral changes can indicate discomfort or pain.
21,Snake,Changes in Eye Appearance,Infection or Dehydration,Consult your vet for diagnosis and treatment. Maintaining proper humidity levels can support eye health.
22,Snake,Difficulty in Shedding,Stress or Health Issues,Consult your vet for evaluation and treatment options. Ensuring proper humidity and hydration can support healthy shedding.
23,Snake,Vomiting,Gastrointestinal Issues,Immediate veterinary consultation is needed. Treatment may involve dietary changes and medications to address underlying issues.
24,Snake,Unusual Hibernation Behavior,Stress or Illness,Monitor environmental conditions and consult your vet for potential treatment options. Abrupt changes in hibernation can indicate health issues.
25,Snake,Abnormal Movement,Neurological Issues,Consult your vet for evaluation. Abnormal movement can indicate underlying health issues that require further investigation.
26,Snake,Excessive Grooming,Stress or Skin Irritation,Identify and eliminate stressors in their environment. Regular grooming can help reduce excessive grooming behavior.
27,Snake,Skin Flaking,Poor Nutrition or Dehydration,Consult your vet for evaluation and treatment. Providing a balanced diet and maintaining proper hydration can support skin health.
28,Snake,Tail Loss,Trauma or Stress,Consult your vet for evaluation and treatment options. Monitor for signs of infection and provide a safe environment to prevent further injury.
29,Snake,Changes in Habitat Usage,Stress or Illness,Assess habitat conditions and consult your vet if changes in behavior persist. Providing enrichment can help reduce stress.
30,Snake,Foul Odor,Shell Rot or Infection,Consult your vet for diagnosis and treatment. Clean the habitat thoroughly; treatment may involve antifungal or antibacterial medications.
31,Snake,Changes in Temperature Preference,Environmental Stress,Ensure proper heating and cooling in the habitat. Consult your vet if temperature regulation issues persist.
32,Snake,Difficulty in Feeding,Dental Issues,Consult your vet for dental check-ups. Regular dental care is essential for preventing feeding difficulties.
33,Snake,Unusual Vocalizations,Stress or Pain,Monitor for other symptoms and consult your vet if vocalizations become excessive or unusual.
34,Snake,Eye Twitches,Stress or Neurological Issues,Monitor environmental conditions and consult your vet if twitching persists. Identifying stressors can help manage health.
35,Snake,Disorientation,Neurological Issues,Consult your vet for evaluation. Disorientation can indicate underlying health issues that require further investigation.
36,Snake,Excessive Drinking,Dehydration or Illness,Ensure access to clean water and monitor for signs of dehydration. Consult your vet for evaluation if excessive drinking persists.
37,Snake,Changes in Shell Texture,Metabolic Issues,Consult your vet for assessment and treatment. Providing a balanced diet and proper habitat conditions can help prevent further issues.
38,Snake,Inability to Climb,Illness or Weakness,Monitor for other symptoms and consult your vet for evaluation. Providing climbing structures can support natural behavior.
39,Snake,Unusual Temperature Fluctuations,Environmental Stress,Monitor temperature and ensure proper heating in the habitat. Consult your vet if fluctuations persist.
40,Snake,Changes in Breathing,Respiratory Disease,Consult your vet for diagnosis and treatment options. Maintaining clean and well-ventilated living conditions is essential for respiratory health.
41,Snake,Cold or Shivering,Hypothermia,Warm the snake gradually and ensure proper habitat temperature. Consult your vet if signs of severe distress appear.
42,Snake,Abnormal Skin Patterns,Stress or Illness,Consult your vet for assessment and treatment. Monitoring habitat conditions can help maintain skin health.
43,Snake,Frequent Eye Closing,Eye Infection or Irritation,Consult your vet for diagnosis and treatment. Maintaining proper humidity and avoiding irritants can help alleviate discomfort.
44,Snake,Stunted Growth,Nutritional Deficiencies,Consult your vet for evaluation and treatment. Providing a balanced diet and proper habitat conditions can support healthy growth.
45,Snake,Excessive Weight Loss,Malnutrition or Illness,Ensure a balanced diet and consult your vet for a thorough examination. Dietary adjustments and supplements may be necessary.
46,Snake,Swelling in Abdomen,Impaction or Infection,Immediate veterinary consultation is necessary. Treatment may involve hydration and dietary adjustments to address underlying issues.
47,Snake,Flinching or Jerking,Pain or Distress,Monitor for other symptoms and consult your vet if these movements continue. Identifying and addressing pain sources is critical.
48,Snake,Unusual Coloration,Stress or Illness,Consult your vet for evaluation if color changes are significant. Providing a stable environment can help reduce stress.
49,Snake,Changes in Eye Position,Neurological Issues,Consult your vet for evaluation. Eye positioning changes can indicate underlying health issues that require further investigation.
50,Snake,Skin Lesions,Infection or Injury,Consult your vet for diagnosis and treatment. Keeping the habitat clean and monitoring for additional symptoms is important.
1,Chameleon,Loss of Appetite,Stress or Illness,Ensure a stress-free environment and provide a varied diet. Consult your vet if appetite does not improve.
2,Chameleon,Lethargy,Illness or Environmental Stress,Monitor for additional symptoms and consult your vet if lethargy persists. Adjust habitat conditions for optimal temperature and humidity.
3,Chameleon,Discoloration of Skin,Stress or Illness,Monitor environmental conditions and consult your vet for evaluation if discoloration occurs. Ensure proper lighting and humidity levels.
4,Chameleon,Abnormal Feces,Digestive Issues,"Monitor diet and ensure a varied, balanced intake. Consult your vet if fecal abnormalities persist."
5,Chameleon,Swollen Eyes,Conjunctivitis or Infection,Clean the eyes gently with saline solution and consult your vet for appropriate medications. Ensure the habitat is clean and free from irritants.
6,Chameleon,Crusty Skin,Infection or Dehydration,Consult your vet for diagnosis and treatment. Ensure proper humidity and hydration levels in the habitat to promote skin health.
7,Chameleon,Excessive Shedding,Stress or Health Issues,Provide proper humidity and monitor for skin health. Consult your vet if shedding is excessive or abnormal.
8,Chameleon,Respiratory Distress,Respiratory Infection,"Immediate veterinary consultation is necessary. Treatment may involve antibiotics and ensuring a warm, humid environment for recovery."
9,Chameleon,Weakness,Illness or Nutritional Deficiency,Ensure a balanced diet and consult your vet for a thorough examination. Dietary adjustments and supplements may be necessary.
10,Chameleon,Unresponsive Behavior,Severe Illness or Shock,Immediate veterinary attention is critical. Treatment may involve stabilization and supportive care based on the underlying cause.
11,Chameleon,Hunched Posture,Stress or Illness,Monitor for other symptoms and consult your vet if the posture changes significantly.
12,Chameleon,Difficulty Breathing,Respiratory Issues,Consult your vet for diagnosis and treatment. Improving humidity and temperature can support respiratory health.
13,Chameleon,Flinching,Pain or Stress,Monitor for other symptoms and consult your vet if flinching continues. Identifying and eliminating stressors can help reduce anxiety.
14,Chameleon,Changes in Behavior,Stress or Illness,Assess environmental factors and consult your vet for potential treatment options. Behavioral changes can indicate discomfort or pain.
15,Chameleon,Vomiting,Gastrointestinal Issues,Immediate veterinary consultation is needed. Treatment may involve dietary changes and medications to address underlying issues.
16,Chameleon,Swelling in Limbs,Infection or Injury,Consult your vet for diagnosis and treatment options. Keeping the habitat clean and monitoring for additional symptoms is important.
17,Chameleon,Changes in Eye Appearance,Infection or Dehydration,Consult your vet for diagnosis and treatment. Maintaining proper humidity levels can support eye health.
18,Chameleon,Excessive Salivation,Oral Infection,Consult your vet for diagnosis and treatment. Regular oral care is essential for managing health.
19,Chameleon,Skin Irritation,Allergies or Infections,Treatment may involve topical medications and ensuring a clean habitat. Regular vet check-ups are essential for managing skin health.
20,Chameleon,Color Changes,Stress or Illness,Consult your vet for evaluation if color changes are significant. Proper habitat care can aid in maintaining healthy coloration.
21,Chameleon,Unusual Hibernation Behavior,Stress or Illness,Monitor environmental conditions and consult your vet for potential treatment options. Abrupt changes in hibernation can indicate health issues.
22,Chameleon,Disorientation,Neurological Issues,Consult your vet for evaluation. Disorientation can indicate underlying health issues that require further investigation.
23,Chameleon,Fluctuating Body Temperature,Environmental Stress,Ensure proper heating and cooling in the habitat. Consult your vet if temperature fluctuations are significant and persistent.
24,Chameleon,Tail Loss,Trauma or Stress,Consult your vet for evaluation and treatment options. Monitor for signs of infection and provide a safe environment to prevent further injury.
25,Chameleon,Unusual Breathing Sounds,Respiratory Disease,Consult your vet for diagnosis and treatment options. Maintaining clean and well-ventilated living conditions is essential for respiratory health.
26,Chameleon,Eye Twitching,Stress or Neurological Issues,Monitor environmental conditions and consult your vet if twitching persists. Identifying stressors can help manage health.
27,Chameleon,Changes in Skin Texture,Metabolic Issues,Consult your vet for assessment and treatment. Providing a balanced diet and proper habitat conditions can help prevent further issues.
28,Chameleon,Foul Odor,Shell Rot or Infection,Consult your vet for diagnosis and treatment. Clean the habitat thoroughly; treatment may involve antifungal or antibacterial medications.
29,Chameleon,Difficulty in Movement,Arthritis or Injury,Consult your vet for diagnosis and treatment options. Management may involve pain relief and environmental modifications to aid mobility.
30,Chameleon,Swollen Abdomen,Impaction or Infection,Immediate veterinary consultation is necessary. Treatment may involve hydration and dietary adjustments to address underlying issues.
31,Chameleon,Unusual Aggression,Stress or Territorial Issues,Provide ample space and environmental enrichment. Monitor interactions and consult your vet if aggression is persistent.
32,Chameleon,Unusual Growths,Tumors or Abscesses,"Consult your vet for evaluation and treatment options. Management may involve surgical removal or monitoring, depending on the type of growth."
33,Chameleon,Excessive Grooming,Stress or Skin Irritation,Identify and eliminate stressors in their environment. Regular grooming can help reduce excessive grooming behavior.
34,Chameleon,Weakness in Limbs,Nutritional Deficiencies,Ensure a balanced diet and consult your vet for assessment. Dietary adjustments may be necessary to support overall health.
35,Chameleon,Changes in Habitat Usage,Stress or Illness,Assess habitat conditions and consult your vet if changes in behavior persist. Providing enrichment can help reduce stress.
36,Chameleon,Hiding More Than Usual,Stress or Illness,"Assess habitat conditions and provide a safe, comfortable environment. Consult your vet if hiding continues."
37,Chameleon,Abnormal Bubbles in Water,Respiratory Issues,Consult your vet for evaluation. Poor water quality can contribute to respiratory problems; ensure proper filtration and maintenance of the tank.
38,Chameleon,Increased Aggression,Stress or Territorial Issues,Ensure the habitat is spacious and enriched. Monitor interactions and consult your vet if aggressive behavior persists.
39,Chameleon,Cracked or Broken Tail,Trauma or Stress,Consult your vet for evaluation and treatment options. Keeping the habitat clean and monitoring for additional symptoms is important.
40,Chameleon,Frequent Eye Closing,Eye Infection or Irritation,Consult your vet for diagnosis and treatment. Maintaining proper humidity and avoiding irritants can help alleviate discomfort.
41,Chameleon,Abnormal Skin Coloration,Stress or Illness,Consult your vet for evaluation if discoloration occurs. Providing a stable environment can help reduce stress.
42,Chameleon,Lack of Color Change,Stress or Illness,Monitor environmental factors and consult your vet if color change does not occur appropriately. Providing enrichment can aid in color expression.
43,Chameleon,Tail Curling,Stress or Nutritional Deficiency,Consult your vet for evaluation and treatment. Ensuring a balanced diet and proper habitat conditions can support healthy growth.
44,Chameleon,Changes in Vocalization,Stress or Pain,Consult your vet for evaluation if vocal changes are significant. Identifying the cause can help manage any underlying issues.
45,Chameleon,Changes in Eye Position,Neurological Issues,Consult your vet for evaluation. Eye positioning changes can indicate underlying health issues that require further investigation.
46,Chameleon,Excessive Drinking,Dehydration or Illness,Ensure access to clean water and monitor for signs of dehydration. Consult your vet for evaluation if excessive drinking persists.
47,Chameleon,Unusual Skin Patterns,Stress or Illness,Consult your vet for assessment and treatment. Monitoring habitat conditions can help maintain skin health.
48,Chameleon,Difficulty Regulating Temperature,Environmental Stress,Ensure proper heating and cooling in the habitat. Consult your vet if temperature regulation issues persist.
49,Chameleon,Unusual Vocalizations,Stress or Pain,Monitor for other symptoms and consult your vet if vocalizations become excessive or unusual.
50,Chameleon,Fluctuating Energy Levels,Illness or Stress,Monitor habitat conditions and consult your vet if energy levels fluctuate significantly and persist.
1,Turtle,Loss of Appetite,Respiratory Infection,"Consult a veterinarian for diagnosis and treatment. Ensure proper diet and hydration, and reduce stress in the environment."
2,Turtle,Lethargy,Illness or Environmental Stress,Monitor for additional symptoms and consult your vet if lethargy persists. Treatment may include improving habitat conditions and providing a balanced diet.
3,Turtle,Swollen Eyes,Conjunctivitis or Infection,Clean the eyes gently with saline solution and consult your vet for appropriate medications. Ensure the habitat is clean and free from irritants.
4,Turtle,Soft Shell,Metabolic Bone Disease,Consult your vet for diagnosis and treatment. Ensure proper calcium and UVB lighting in the habitat to promote shell health.
5,Turtle,Abnormal Feces,Digestive Issues,"Monitor diet and ensure a varied, balanced intake. Consult your vet if fecal abnormalities persist."
6,Turtle,Floating Behavior,Gas or Digestive Problems,Consult your vet for diagnosis and treatment. Adjusting diet may help resolve digestive issues; avoid overfeeding.
7,Turtle,Shell Deformities,Poor Nutrition or Injury,Consult your vet for assessment and treatment options. Providing a balanced diet and proper habitat can help prevent further issues.
8,Turtle,Respiratory Distress,Respiratory Infection,"Immediate veterinary consultation is necessary. Treatment may involve antibiotics and ensuring a warm, humid environment for recovery."
9,Turtle,Hiding More Than Usual,Stress or Illness,"Assess habitat conditions and provide a safe, comfortable environment. Consult your vet if hiding continues."
10,Turtle,Foul Odor,Shell Rot or Infection,Consult your vet for diagnosis and treatment. Clean the shell and habitat thoroughly; treatment may involve antifungal or antibacterial medications.
11,Turtle,Difficulty Swimming,Weakness or Illness,Monitor for other symptoms and consult your vet for evaluation and potential treatment options.
12,Turtle,Changes in Color,Stress or Disease,Consult your vet for evaluation if color changes are significant. Proper lighting and diet can help maintain healthy coloration.
13,Turtle,Excessive Shedding,Skin Infection or Stress,Ensure the habitat is clean and provide appropriate humidity levels. Consult your vet for treatment if shedding is excessive or abnormal.
14,Turtle,Swollen Limbs,Infection or Injury,Consult your vet for diagnosis and treatment options. Keep the habitat clean and monitor for additional symptoms.
15,Turtle,Unusual Swimming Patterns,Neurological Issues,Consult your vet for evaluation. Changes in swimming behavior may indicate health issues that require further investigation.
16,Turtle,Unresponsive Behavior,Severe Illness or Shock,Immediate veterinary attention is critical. Treatment may involve stabilization and supportive care based on the underlying cause.
17,Turtle,Weight Loss,Malnutrition or Disease,Ensure a balanced diet and consult your vet for a thorough examination. Dietary adjustments and supplements may be necessary.
18,Turtle,Hunched Shell,Stress or Illness,Monitor for other symptoms and consult your vet if the shell appearance changes significantly.
19,Turtle,Changes in Breathing,Respiratory Issues,Consult your vet for diagnosis and treatment. Ensuring proper humidity and temperature can support respiratory health.
20,Turtle,Skin Irritation,Allergies or Infections,Treatment may involve topical medications and ensuring a clean habitat. Regular vet check-ups are essential for managing skin health.
21,Turtle,Eye Swelling,Infection or Irritation,Consult your vet for diagnosis and treatment. Cleaning the eye area gently and providing proper lighting may aid recovery.
22,Turtle,Excessive Scratching,Skin Infection or Parasites,Consult your vet for diagnosis and treatment. Keeping the habitat clean and monitoring for parasites can help manage skin health.
23,Turtle,Changes in Behavior,Stress or Illness,Assess environmental factors and consult your vet for potential treatment options. Behavioral changes can indicate discomfort or pain.
24,Turtle,Vomiting,Gastrointestinal Issues,Immediate veterinary consultation is needed. Treatment may involve dietary changes and medications to address underlying issues.
25,Turtle,Difficulty Shedding,Shell Rot or Health Issues,Consult your vet for evaluation and treatment options. Ensuring proper humidity and calcium levels can support healthy shedding.
26,Turtle,Unusual Growths,Tumors or Abscesses,"Consult your vet for evaluation and treatment options. Management may involve surgical removal or monitoring, depending on the type of growth."
27,Turtle,Fluctuating Energy Levels,Illness or Stress,Monitor habitat conditions and consult your vet if energy levels fluctuate significantly and persist.
28,Turtle,Difficulty in Movement,Arthritis or Injury,Consult your vet for diagnosis and treatment options. Management may involve pain relief and environmental modifications to aid mobility.
29,Turtle,Bleeding,Injury or Infection,Immediate veterinary consultation is necessary. Treatment may involve cleaning the wound and administering antibiotics if an infection is present.
30,Turtle,Changes in Shell Texture,Metabolic Bone Disease,Consult your vet for assessment and treatment. Ensure proper nutrition and UVB lighting to promote shell health.
31,Turtle,Shortened Lifespan,Aging or Illness,Regular veterinary check-ups are essential to monitor health as they age. Consult your vet for palliative care options to ensure comfort.
32,Turtle,Slow Reaction Times,Neurological Issues,Consult your vet for evaluation if reaction times are significantly impaired. Identifying the cause can help manage any underlying issues.
33,Turtle,Unusual Shell Color,Shell Rot or Disease,Consult your vet for evaluation. Ensuring proper habitat conditions can help maintain shell health.
34,Turtle,Swollen Tail,Infection or Injury,Consult your vet for diagnosis and treatment options. Keeping the habitat clean and monitoring for additional symptoms is important.
35,Turtle,Excessive Salivation,Oral Infection,Consult your vet for diagnosis and treatment. Regular dental check-ups are essential for managing oral health.
36,Turtle,Cold or Shivering,Hypothermia,Warm the turtle gradually and ensure proper habitat temperature. Consult your vet if signs of severe distress appear.
37,Turtle,Unusual Aggression,Stress or Territorial Issues,Provide ample space and environmental enrichment. Monitor interactions and consult your vet if aggression is persistent.
38,Turtle,Abnormal Bubbles in Water,Respiratory Issues,Consult your vet for evaluation. Poor water quality can contribute to respiratory problems; ensure proper filtration and maintenance of the tank.
39,Turtle,Difficulty in Feeding,Dental Issues,Consult your vet for dental check-ups. Regular dental care is essential for preventing feeding difficulties.
40,Turtle,Shell Cracking,Poor Nutrition or Injury,Consult your vet for diagnosis and treatment. Ensuring a balanced diet and proper habitat conditions can help prevent further shell damage.
41,Turtle,Unusual Hibernation Behavior,Stress or Illness,Monitor environmental conditions and consult your vet for potential treatment options. Abrupt changes in hibernation can indicate health issues.
42,Turtle,Changes in Coloration,Illness or Stress,Consult your vet for evaluation if color changes are significant. Proper habitat care can aid in maintaining healthy coloration.
43,Turtle,Disorientation,Neurological Issues,Consult your vet for evaluation. Disorientation can indicate underlying health issues that require further investigation.
44,Turtle,Unusual Shell Shape,Poor Nutrition or Disease,Consult your vet for assessment and treatment. Providing a balanced diet and proper habitat can help prevent further issues.
45,Turtle,Eye Twitching,Stress or Neurological Issues,Monitor environmental conditions and consult your vet if twitching persists. Identifying stressors can help manage health.
46,Turtle,Flinching or Jumping,Pain or Startle Response,Monitor for other symptoms and consult your vet if flinching continues. Identifying and eliminating stressors can help reduce anxiety.
47,Turtle,Changes in Habitat Usage,Stress or Illness,Assess habitat conditions and consult your vet if changes in behavior persist. Providing enrichment can help reduce stress.
48,Turtle,Stunted Growth,Nutritional Deficiencies,Consult your vet for evaluation and treatment. Providing a balanced diet and proper habitat conditions can support healthy growth.
49,Turtle,Foul Breath,Dental Disease,Regular dental care and check-ups are crucial. Treatment may involve cleanings and managing underlying dental issues.
50,Turtle,Fluctuating Water Quality,Poor Habitat Conditions,Regular water testing and maintenance are essential. Consult your vet if water quality issues persist to address any potential health concerns.
1,Guinea Pig,Loss of Appetite,Dental Disease,"Ensure regular dental check-ups and provide a diet rich in hay to maintain dental health. If loss of appetite persists, consult your vet for further evaluation."
2,Guinea Pig,Lethargy,Illness or Stress,Monitor for additional symptoms and consult your vet if lethargy continues. Ensure a calm environment and proper nutrition.
3,Guinea Pig,Diarrhea,Gastrointestinal Issues,"Consult your vet immediately. Treatment may involve hydration and dietary adjustments, as well as medications to address underlying issues."
4,Guinea Pig,Excessive Sneezing,Respiratory Infection,Consult your vet for diagnosis and treatment. Maintain a clean living environment to reduce allergens and irritants.
5,Guinea Pig,Swollen Abdomen,Bloat or Gas,Immediate veterinary attention is needed. Treatment may involve medications to relieve gas and dietary changes to prevent recurrence.
6,Guinea Pig,Difficulty Breathing,Respiratory Disease,Consult your vet for diagnosis and treatment options. Ensure proper ventilation and humidity in their living space.
7,Guinea Pig,Unusual Vocalizations,Stress or Pain,Monitor for other symptoms and consult your vet if vocalizations persist. Treatment may involve pain management and reducing stressors in their environment.
8,Guinea Pig,Blood in Urine,Urinary Tract Infection,Consult your vet immediately for diagnosis and treatment. Management typically involves antibiotics and increased hydration.
9,Guinea Pig,Weight Loss,Illness or Nutritional Deficiency,Ensure a balanced diet and consult your vet for a thorough examination to identify potential underlying conditions.
10,Guinea Pig,Limping,Injury or Arthritis,Consult your vet for diagnosis and treatment options. Treatment may involve pain management and supportive care to aid recovery.
11,Guinea Pig,Hair Loss,Mites or Fungal Infection,Treatment usually involves topical medications and ensuring a clean environment. Regular veterinary check-ups can help monitor skin health.
12,Guinea Pig,Cold Ears,Hypothermia,Warm your guinea pig gradually and ensure proper bedding. Consult your vet if they show signs of severe distress.
13,Guinea Pig,Wetness around Genitals,Urinary Tract Infection,Consult your vet for diagnosis and treatment. Maintain proper hygiene and hydration to support recovery.
14,Guinea Pig,Scabby Skin,Skin Infection or Allergies,Treatment may involve topical medications and improving living conditions. Regular vet visits can help manage skin health.
15,Guinea Pig,Hunched Posture,Pain or Discomfort,Observe for other symptoms; consult your vet for a thorough examination and potential treatment options.
16,Guinea Pig,Changes in Coat Texture,Nutritional Deficiencies,"Ensure a balanced diet rich in hay, fresh vegetables, and vitamin C. Consult your vet if coat issues persist."
17,Guinea Pig,Excessive Grooming,Stress or Skin Irritation,Identify and eliminate stressors in their environment. Regular grooming can help reduce excessive grooming behavior.
18,Guinea Pig,Eye Discharge,Conjunctivitis,Treatment typically involves cleaning the eyes and applying prescribed eye drops. Regular vet check-ups are essential for managing eye health.
19,Guinea Pig,Unusual Growths,Tumors or Abscesses,"Consult your vet for evaluation and treatment options. Management may involve surgical removal or monitoring, depending on the type of growth."
20,Guinea Pig,Frequent Hiding,Stress or Illness,"Provide a safe and comfortable environment. If hiding continues, consult your vet for evaluation and potential treatment of underlying issues."
21,Guinea Pig,Abnormal Feces,Digestive Issues,"Monitor diet and ensure proper hydration. Consult your vet if fecal abnormalities persist, as they may indicate underlying health issues."
22,Guinea Pig,Weakness,Illness or Dehydration,"Provide hydration and monitor for other symptoms. If weakness persists, consult your vet for potential underlying conditions."
23,Guinea Pig,Grinding Teeth,Dental Pain or Discomfort,Consult your vet for dental check-ups. Treatment may involve dental care or pain management based on the severity of the issue.
24,Guinea Pig,Head Tilt,Neurological Issues,Immediate veterinary attention is necessary. Treatment may involve supportive care and addressing underlying health concerns.
25,Guinea Pig,Changes in Behavior,Stress or Illness,Assess environmental factors and consult your vet for potential treatment options. Behavioral changes can indicate discomfort or pain.
26,Guinea Pig,Vomiting,Gastrointestinal Issues,Immediate veterinary consultation is needed. Treatment may involve hydration and dietary changes to address underlying issues.
27,Guinea Pig,Difficulty Eating,Dental Issues,Consult your vet for evaluation and possible dental treatment. Regular dental check-ups are essential for preventing eating difficulties.
28,Guinea Pig,Foul Odor,Dental Disease or Infection,Regular dental check-ups and proper oral care are essential. Treatment may involve cleanings or extractions based on the severity of the issue.
29,Guinea Pig,Tail Chasing,Boredom or Behavioral Issues,Providing mental stimulation and exercise can help redirect this behavior. Interactive toys and regular playtime are beneficial.
30,Guinea Pig,Swollen Joints,Arthritis or Injury,Consult your vet for diagnosis and treatment options. Management may involve pain relief and environmental modifications to aid mobility.
31,Guinea Pig,Squealing,Pain or Stress,Monitor for other symptoms and consult your vet if squealing persists. Treatment may involve pain management or addressing environmental stressors.
32,Guinea Pig,Changes in Vocalization,Stress or Pain,Consult your vet for evaluation if vocal changes are significant. Identifying the cause can help manage any underlying issues.
33,Guinea Pig,Changes in Breathing,Respiratory Issues,Consult your vet for diagnosis and treatment. Improving air quality and ensuring a stress-free environment can aid recovery.
34,Guinea Pig,Pale Gums,Anemia or Illness,Immediate veterinary attention is required. Treatment may involve addressing underlying health issues and providing supportive care.
35,Guinea Pig,Blood in Stool,Gastrointestinal Issues,Consult your vet for diagnosis and treatment. Management may involve dietary changes and medications to address underlying conditions.
36,Guinea Pig,Skin Irritation,Allergies or Mites,Treatment may involve topical medications and ensuring a clean habitat. Regular vet visits are essential for managing skin health.
37,Guinea Pig,Dehydration,Poor Hydration,"Ensure access to fresh water and provide hydration through fresh vegetables. If dehydration persists, consult your vet for further treatment."
38,Guinea Pig,Unusual Breathing Sounds,Respiratory Disease,Consult your vet for diagnosis and treatment options. Maintaining clean and well-ventilated living conditions is essential for respiratory health.
39,Guinea Pig,Unresponsive Behavior,Severe Illness or Shock,Immediate veterinary attention is critical. Treatment may involve stabilization and supportive care depending on the underlying cause.
40,Guinea Pig,Changes in Weight,Illness or Nutritional Issues,Monitor diet and environmental conditions. Consult your vet if weight changes are significant and persistent.
41,Guinea Pig,Clipped or Broken Nails,Improper Grooming,Regular grooming and proper habitat can help prevent nail issues. Consult your vet for trimming if nails are overgrown or damaged.
42,Guinea Pig,Coughing,Respiratory Infection,Consult your vet for diagnosis and treatment. Improving air quality and ensuring a stress-free environment can aid recovery.
43,Guinea Pig,Inability to Stand,Severe Illness or Injury,Immediate veterinary attention is necessary. Treatment will depend on the underlying cause and may involve supportive care.
44,Guinea Pig,Nosebleeds,Injury or Respiratory Issues,Consult your vet for evaluation and treatment options. Ensuring a clean environment can help prevent injuries and stress.
45,Guinea Pig,Abnormal Eye Appearance,Eye Infection or Injury,Immediate veterinary consultation is necessary. Treatment may involve cleaning and medications based on the diagnosis.
46,Guinea Pig,Flinching or Jumping,Pain or Startle Response,Monitor for other symptoms and consult your vet if flinching continues. Identifying and eliminating stressors can help reduce anxiety.
47,Guinea Pig,Excessive Salivation,Dental Disease or Illness,Consult your vet for diagnosis and treatment. Regular dental check-ups are essential for managing oral health.
48,Guinea Pig,Shortness of Breath,Respiratory Disease,Consult your vet immediately for diagnosis and treatment options. Ensure proper air circulation in their living space.
49,Guinea Pig,Tail or Ear Injury,Trauma or Aggression,Consult your vet for diagnosis and treatment. Monitor the injury closely and provide a safe environment to prevent further harm.
50,Guinea Pig,Fluctuating Energy Levels,Illness or Stress,Monitor diet and environmental conditions. Consult your vet if energy levels fluctuate significantly and persist.
1,Fish,Loss of Appetite,Internal Parasites,Treat with antiparasitic medication and ensure a clean environment. Monitor feeding habits and consult your vet if appetite does not improve.
2,Fish,Rapid Gilling,Gill Flukes,Treat with antiparasitic medications. Regular water quality checks are essential to prevent reinfestation.
3,Fish,Swollen Abdomen,Dropsy,Immediate veterinary consultation is required. Treatment may involve antibiotics and improvements to water quality.
4,Fish,Lethargy,Stress or Disease,"Monitor water quality and environmental conditions. If lethargy persists, consult a vet for further evaluation."
5,Fish,White Spots,Ich (Ichthyophthirius),Treat with anti-ich medication and raise water temperature gradually. Ensure proper water quality to aid recovery.
6,Fish,Fins Clamped,Stress or Poor Water Quality,Improve water conditions and reduce stressors. Regular water changes can help fish regain comfort.
7,Fish,Excessive Scratching,External Parasites,Treat with antiparasitic medication. Maintain clean water conditions to support recovery and prevent future infestations.
8,Fish,Abnormal Swimming,Swim Bladder Disorder,Consult a vet for diagnosis. Treatment may involve dietary adjustments and ensuring a balanced diet to improve buoyancy issues.
9,Fish,Color Fading,Stress or Disease,Monitor environmental factors such as water quality and temperature. Consult your vet if color fading persists.
10,Fish,Fin Rot,Bacterial Infection,Treat with antibacterial medications and ensure proper water quality. Remove any decaying plant material to prevent further infection.
11,Fish,Blisters or Lesions,Skin Disease,Consult your vet for diagnosis and treatment. Maintain good water quality and consider treating with topical medications.
12,Fish,Difficulty Breathing,Poor Water Quality or Disease,Test water parameters and treat any abnormalities. Ensure proper aeration and consider medications for underlying issues.
13,Fish,Cloudy Eyes,Water Quality Issues,Improve water quality and consider medications for eye treatments. Regular water changes can help restore clarity and health.
14,Fish,Abnormal Feces,Digestive Issues,"Monitor diet and ensure a balanced feeding routine. Consult your vet if abnormal feces persist, as it may indicate internal parasites or dietary issues."
15,Fish,Swollen Eyes,Dropsy or Infection,Immediate veterinary attention is needed. Treatment may involve antibiotics and improving water quality.
16,Fish,Isolated Behavior,Stress or Illness,Assess environmental conditions and other tank mates. Providing a more suitable habitat can help reduce stress and encourage social interaction.
17,Fish,Red or Inflamed Gills,Bacterial Infection,Treat with antibacterial medications and improve water quality. Regular monitoring of gill health is essential for early intervention.
18,Fish,Tail or Fin Damage,Aggression or Tank Mates,Assess tank dynamics and separate aggressive fish if necessary. Consider adding more hiding spots or plants to reduce stress.
19,Fish,Increased Aggression,Stress or Territorial Behavior,Monitor tank mates and adjust as needed. Adding hiding places can help alleviate stress and reduce aggressive interactions.
20,Fish,Rubbing Against Objects,Parasitic Infection,Treat with antiparasitic medications. Maintain a clean environment to prevent reinfestation and monitor for any underlying health issues.
21,Fish,Loss of Scales,Injury or Disease,Consult your vet for proper treatment. Maintain good water quality and consider using a healing medication if there are open wounds.
22,Fish,Abnormal Body Posture,Swim Bladder Disorder,Consult your vet for diagnosis. Treatment may involve adjusting diet and ensuring the fish can maintain proper buoyancy.
23,Fish,Swimming in Circles,Neurological Issues,Consult your vet for diagnosis and treatment options. Early intervention is essential for managing neurological conditions.
24,Fish,Frequent Gasping,Poor Water Quality,Test and improve water quality immediately. Ensure adequate aeration and filtration to help fish breathe more comfortably.
25,Fish,Pale Gills,Stress or Lack of Oxygen,Improve water quality and aeration. Monitor tank mates to reduce stress and ensure fish are receiving adequate oxygen.
26,Fish,Excessive Tail Nipping,Stress or Aggression,Monitor tank dynamics and separate aggressive fish if necessary. Providing plenty of space and hiding spots can reduce aggression among tank mates.
27,Fish,Drooping Fins,Poor Water Quality or Disease,Test water parameters and treat accordingly. Ensure proper tank maintenance to support fin health.
28,Fish,Gasping at Surface,Low Oxygen Levels,Improve aeration and water circulation immediately. Consider adding an air pump or adjusting the filtration system to enhance oxygen levels.
29,Fish,Excessive Spawning Behavior,Breeding or Stress,Ensure a proper environment for breeding or separate breeding pairs to reduce stress. Monitor water conditions to support health during spawning.
30,Fish,Difficulty Eating,Illness or Tank Mates,Monitor for aggressive tank mates and ensure a stress-free feeding environment. Consult your vet if difficulty persists.
31,Fish,Unusual Growths,Tumors or Cysts,Consult your vet for evaluation and treatment options. Management may involve surgical removal or monitoring depending on the type of growth.
32,Fish,Rapid Weight Loss,Illness or Stress,Monitor diet and environmental conditions. Consult your vet for a thorough examination if weight loss persists.
33,Fish,Unusual Swimming Patterns,Stress or Disease,Assess environmental factors and other tank mates. Consult your vet if unusual swimming behavior continues.
34,Fish,Cloudy or Dull Skin,Disease or Stress,Monitor water quality and consider treatments for skin infections. Regular tank maintenance can help improve skin health.
35,Fish,Bubbles on Body,Gas Bubble Disease,Immediate veterinary attention is needed. Treatment may involve reducing water temperature and improving aeration to help fish recover.
36,Fish,Hiding More Than Usual,Stress or Illness,Assess environmental conditions and tank mates. Providing a calm environment can help fish feel more secure.
37,Fish,Spotted Body,Fish Lice,Treat with antiparasitic medications. Ensure a clean habitat to prevent reinfestation.
38,Fish,Twisted Body,Swim Bladder Disorder,Consult your vet for diagnosis and potential treatments. Management may involve dietary changes to help alleviate buoyancy issues.
39,Fish,Deformed Fins or Body,Genetic Issues or Disease,"Consult your vet for evaluation. While some conditions may be hereditary, treatment may involve improving tank conditions and monitoring health."
40,Fish,Skin Flakes,Fungal Infection,Treat with antifungal medications and maintain good water quality to support recovery.
41,Fish,Blood in Fins,Injury or Disease,Consult your vet for evaluation and potential treatments. Monitor water quality to support healing and prevent further injury.
42,Fish,Difficulty Regulating Buoyancy,Swim Bladder Disorder,Consult your vet for diagnosis and dietary adjustments to help manage buoyancy issues.
43,Fish,Heavy Breathing,Poor Water Quality,Test and improve water conditions immediately. Ensure adequate aeration to help fish breathe comfortably.
44,Fish,Faded Colors on Fins,Stress or Poor Water Quality,Improve water conditions and monitor for stressors. Regular water changes can help restore color vibrancy.
45,Fish,Lack of Energy,Illness or Poor Nutrition,Monitor diet and environmental conditions. Consult your vet for dietary adjustments and potential treatments if lack of energy persists.
46,Fish,Fish Bumping into Objects,Vision Problems,Assess for potential injuries or environmental issues. Consult your vet for further evaluation and treatment options.
47,Fish,Dropping Food,Illness or Poor Water Quality,Monitor water conditions and ensure food is fresh and appropriate. Consult your vet if dropping food continues.
48,Fish,Excessive Mouth Breathing,Low Oxygen Levels,Improve aeration and monitor water quality. Ensure a healthy environment to support proper breathing.
49,Fish,Swollen Body,Disease or Poor Water Quality,Immediate veterinary attention is required. Treatment may involve medications and improving tank conditions.
50,Fish,Flicking Against Objects,Parasitic Infection,Treat with antiparasitic medications. Maintaining a clean environment is essential to prevent reinfestation and support recovery.
1,Budgie,Abnormal feather growth,Nutritional Deficiency or Infection,Consult your vet for evaluation and dietary adjustments.
2,Budgie,Biting at their feet,Boredom or Stress,Provide toys and consult your vet for behavioral advice.
3,Budgie,Blood in feathers,Injury or Severe Illness,Immediate veterinary attention required.
4,Budgie,Change in feather texture,Nutritional Deficiency or Illness,Consult your vet for evaluation and treatment options.
5,Budgie,Constant grooming,Boredom or Stress,Provide enrichment and consult your vet if behavior continues.
6,Budgie,Constant pecking,Boredom or Attention-Seeking,Provide toys and social interaction; consult your vet if needed.
7,Budgie,Crusty nostrils,Infection or Allergies,Consult your vet for evaluation and treatment options.
8,Budgie,Difficulty in flying,Injury or Illness,Consult your vet for evaluation and treatment options.
9,Budgie,Flapping wings excessively,Excitement or Stress,Ensure a calm environment; consult a vet if needed.
10,Budgie,Frequent eye blinking,Allergies or Irritation,Consult your vet for evaluation and treatment options.
11,Budgie,Frequent squawking,Normal behavior or Illness,Monitor behavior; consult your vet if it becomes excessive.
12,Budgie,Hair loss around eyes,Infection or Allergies,Consult your vet for evaluation and treatment options.
13,Budgie,Hunched body position,Illness or Pain,Consult your vet for evaluation and treatment options.
14,Budgie,Increased aggression,Stress or Illness,Monitor closely; consult your vet for evaluation.
15,Budgie,Irritability,Stress or Illness,Monitor behavior and consult your vet if necessary.
16,Budgie,Loss of appetite,Illness or Nutritional Deficiency,Consult your vet for evaluation and dietary recommendations.
17,Budgie,Loss of balance,Illness or Neurological Issues,Consult your vet for evaluation and treatment options.
18,Budgie,Puffing up,Illness or Cold,Keep warm and consult your vet for evaluation and treatment.
19,Budgie,Red eyes,Infection or Allergies,Consult your vet for evaluation and treatment options.
20,Budgie,Ruffled feathers,Stress or Illness,Consult your vet for evaluation and treatment options.
21,Budgie,Seizures,Neurological Issues,Immediate veterinary attention is required.
22,Budgie,Skin irritation around eyes,Allergies or Infection,Consult your vet for evaluation and treatment options.
23,Budgie,Sluggishness,Illness or Nutritional Deficiency,Consult your vet for evaluation and dietary support.
24,Budgie,Sudden tail loss,Injury or Stress,Consult your vet for evaluation and potential treatment options.
25,Budgie,Weak legs,Nutritional Deficiency or Illness,Consult your vet for evaluation and treatment options.
26,Canary,Bulging abdomen,Infection or Dietary Issues,Consult your vet for evaluation and potential treatment options.
27,Canary,Change in droppings,Gastrointestinal Issues,Consult your vet for evaluation and potential treatment options.
28,Canary,Crusty nostrils,Infection or Allergies,Consult your vet for evaluation and treatment options.
29,Canary,Difficulty in flying,Injury or Illness,Consult your vet for evaluation and treatment options.
30,Canary,Frequent bathing,Normal behavior or Stress,Monitor behavior; consult your vet if it becomes excessive.
31,Canary,Heavy breathing,Respiratory Issues,Consult your vet for immediate evaluation and treatment.
32,Canary,Loss of appetite,Illness or Nutritional Deficiency,Consult your vet for evaluation and dietary recommendations.
33,Canary,Pale comb,Nutritional Deficiency or Illness,Consult your vet for evaluation and dietary recommendations.
34,Canary,Reduced singing,Illness or Stress,Consult your vet for evaluation and potential treatment options.
35,Canary,Skin flaking,Fungal Infection or Dry Skin,Consult your vet for evaluation and potential treatments.
36,Canary,Singing less often,Stress or Illness,Consult your vet for evaluation and potential treatments.
37,Canary,Sudden aggression,Pain or Illness,Consult your vet for evaluation and potential treatment options.
38,Canary,Unusual feather loss,Nutritional Deficiency or Illness,Consult your vet for evaluation and treatment options.
39,Cockatoo,Change in feather color,Nutritional Deficiency or Illness,Consult your vet for evaluation and dietary recommendations.
40,Cockatoo,Constant whining,Separation Anxiety or Boredom,Consult your vet for behavioral modification options.
41,Cockatoo,Difficulty with grooming,Illness or Injury,Consult your vet for evaluation and treatment options.
42,Cockatoo,Eye tearing,Allergies or Infection,Consult your vet for evaluation and potential treatments.
43,Cockatoo,Flapping excessively,Stress or Excitement,Provide a calm environment and consult your vet if necessary.
44,Cockatoo,Hyperactivity,Stress or Excitement,Provide enrichment and consult your vet for behavioral advice.
45,Cockatoo,Inability to fly,Injury or Illness,Consult your vet for evaluation and treatment options.
46,Cockatoo,Loss of interest in play,Stress or Illness,Consult your vet for evaluation and potential treatment options.
47,Cockatoo,Mouth breathing,Respiratory Issues,Immediate vet care is crucial for evaluation and treatment.
48,Cockatoo,Persistent coughing,Respiratory Issues,Consult your vet for evaluation and treatment options.
49,Cockatoo,Soaking feathers,Over-bathing or Stress,Monitor behavior; consult your vet for potential adjustments.
50,Finch,Abnormal feather growth,Nutritional Deficiency or Infection,Consult your vet for evaluation and dietary adjustments.
51,Finch,Cold legs,Circulatory Issues or Environmental Stress,Consult your vet for evaluation and potential treatments.
52,Finch,Frequent head tilting,Neurological Issues,Consult your vet for evaluation and treatment options.
53,Finch,Hair loss,Stress or Skin Disease,Consult your vet for evaluation and treatment options.
54,Finch,Irritability,Stress or Illness,Monitor behavior and consult your vet if necessary.
55,Finch,Red eyes,Infection or Allergies,Consult your vet for evaluation and treatment options.
56,Finch,Staggering while walking,Neurological Issues,Consult your vet for evaluation and treatment options.
57,Finch,Weakness in wings,Illness or Neurological Issues,Consult your vet for evaluation and treatment options.
58,Finch,Unusual posture,Pain or Illness,Consult your vet for evaluation and treatment options.
59,Lovebird,Changes in droppings,Gastrointestinal Issues,Consult your vet for evaluation and treatment options.
60,Lovebird,Constant head scratching,Allergies or Skin Issues,Consult your vet for evaluation and treatment options.
61,Lovebird,Difficulty in landing,Weakness or Injury,Consult your vet for evaluation and potential treatment options.
62,Lovebird,Frequent head bobbing,Neurological Issues or Excitement,Monitor closely; consult your vet for evaluation.
63,Lovebird,Inactivity,Illness or Stress,Monitor closely and consult your vet for evaluation.
64,Lovebird,Loss of appetite,Illness or Nutritional Deficiency,Consult your vet for evaluation and dietary recommendations.
65,Lovebird,Over-preening,Stress or Boredom,Monitor behavior and consult your vet for behavioral advice.
66,Lovebird,Puffing up,Illness or Cold,Keep warm and consult your vet for evaluation and treatment.
67,Lovebird,Ruffled feathers,Stress or Illness,Consult your vet for evaluation and treatment options.
68,Lovebird,Sudden tail loss,Injury or Stress,Consult your vet for evaluation and potential treatment options.
69,Lovebird,Weight loss,Illness or Stress,Consult your vet for evaluation and dietary recommendations.
70,Lovebird,Weakness in legs,Nutritional Deficiency or Illness,Consult your vet for evaluation and treatment options.
71,Lovebird,Unusual vocalizations,Illness or Stress,Consult your vet for evaluation and treatment options.
72,Parakeet,Abnormal feather growth,Nutritional Deficiency or Infection,Consult your vet for evaluation and dietary adjustments.
73,Parakeet,Change in droppings,Gastrointestinal Issues,Consult your vet for evaluation and treatment options.
74,Parakeet,Crusty nostrils,Infection or Allergies,Consult your vet for evaluation and treatment options.
75,Parakeet,Frequent yawning,Fatigue or Illness,Consult your vet for evaluation and potential treatment options.
76,Parakeet,Loss of appetite,Illness or Nutritional Deficiency,Consult your vet for evaluation and dietary recommendations.
77,Parakeet,Loss of balance,Illness or Neurological Issues,Consult your vet for evaluation and treatment options.
78,Parakeet,Persistent coughing,Respiratory Issues,Consult your vet for evaluation and treatment options.
79,Parakeet,Puffing up,Illness or Cold,Keep warm and consult your vet for evaluation and treatment.
80,Parakeet,Ruffled feathers,Stress or Illness,Consult your vet for evaluation and treatment options.
81,Parakeet,Sudden aggression,Pain or Illness,Consult your vet for evaluation and treatment options.
82,Parrot,Abnormal feather growth,Nutritional Deficiency or Infection,Consult your vet for evaluation and dietary adjustments.
83,Parrot,Change in behavior,Illness or Stress,Consult your vet for evaluation and potential treatment options.
84,Parrot,Constant biting,Boredom or Attention-Seeking,Provide toys and consult your vet for behavioral advice.
85,Parrot,Excessive feather plucking,Stress or Boredom,Consult your vet for behavioral modification options.
86,Parrot,Frequent squawking,Normal behavior or Illness,Monitor behavior; consult your vet if it becomes excessive.
87,Parrot,Loss of appetite,Illness or Nutritional Deficiency,Consult your vet for evaluation and dietary recommendations.
88,Parrot,Ruffled feathers,Stress or Illness,Consult your vet for evaluation and treatment options.
89,Parrot,Sudden tail loss,Injury or Stress,Consult your vet for evaluation and potential treatment options.
90,Quaker,Abnormal feather growth,Nutritional Deficiency or Infection,Consult your vet for evaluation and dietary adjustments.
91,Quaker,Change in behavior,Illness or Stress,Consult your vet for evaluation and potential treatment options.
92,Quaker,Constant head shaking,Neurological Issues,Consult your vet for evaluation and treatment options.
93,Quaker,Loss of appetite,Illness or Nutritional Deficiency,Consult your vet for evaluation and dietary recommendations.
94,Quaker,Over-preening,Stress or Boredom,Monitor behavior and consult your vet for behavioral advice.
95,Quaker,Ruffled feathers,Stress or Illness,Consult your vet for evaluation and treatment options.
96,Quaker,Sudden aggression,Pain or Illness,Consult your vet for evaluation and treatment options.
97,Quaker,Weakness in wings,Illness or Neurological Issues,Consult your vet for evaluation and treatment options.
98,Quaker,Weight loss,Illness or Stress,Consult your vet for evaluation and dietary recommendations.
99,Quaker,Unusual vocalizations,Illness or Stress,Consult your vet for evaluation and treatment options.
100,Quaker,Frequent bathing,Normal behavior or Stress,Monitor behavior; consult your vet if it becomes excessive.
1,Bird,Loss of Appetite,Stress or Illness,Ensure a stress-free environment and provide a varied diet. Consult your vet if appetite does not improve.
2,Bird,Lethargy,Illness or Environmental Stress,Monitor for additional symptoms and consult your vet if lethargy persists. Adjust habitat conditions for optimal temperature and humidity.
3,Bird,Discoloration of Feathers,Stress or Illness,Monitor environmental conditions and consult your vet if discoloration occurs. Ensure proper lighting and a balanced diet to maintain feather health.
4,Bird,Excessive Vocalization,Stress or Attention-Seeking,Assess environmental factors and provide enrichment. Consult your vet if vocalization becomes excessive.
5,Bird,Swollen Eyes,Conjunctivitis or Infection,Clean the eyes gently with saline solution and consult your vet for appropriate medications. Ensure the habitat is clean and free from irritants.
6,Bird,Abnormal Feces,Digestive Issues,Monitor diet and ensure proper feeding schedules. Consult your vet if fecal abnormalities persist.
7,Bird,Feather Plucking,Stress or Boredom,Provide environmental enrichment and consult your vet for behavioral management. Regularly monitor for underlying health issues.
8,Bird,Difficulty Breathing,Respiratory Infection,"Immediate veterinary consultation is necessary. Treatment may involve antibiotics and ensuring a warm, humid environment for recovery."
9,Bird,Weakness,Illness or Nutritional Deficiency,Ensure a balanced diet and consult your vet for a thorough examination. Dietary adjustments and supplements may be necessary.
10,Bird,Hunched Posture,Stress or Illness,Monitor for other symptoms and consult your vet if the posture changes significantly.
11,Bird,Unresponsive Behavior,Severe Illness or Shock,Immediate veterinary attention is critical. Treatment may involve stabilization and supportive care based on the underlying cause.
12,Bird,Fluffed Feathers,Illness or Cold,Ensure a warm environment and consult your vet for evaluation if fluffed feathers persist.
13,Bird,Changes in Vocalization,Stress or Health Issues,Monitor for additional symptoms and consult your vet if vocal changes are significant.
14,Bird,Skin Irritation,Allergies or Infections,Treatment may involve topical medications and ensuring a clean habitat. Regular vet check-ups are essential for managing skin health.
15,Bird,Excessive Scratching,Allergies or Skin Infection,Consult your vet for diagnosis and treatment. Regular grooming can help alleviate irritation.
16,Bird,Changes in Beak Appearance,Nutritional Deficiencies,Ensure a balanced diet and consult your vet for assessment and treatment options.
17,Bird,Changes in Eye Appearance,Infection or Dehydration,Consult your vet for diagnosis and treatment. Maintaining proper humidity levels can support eye health.
18,Bird,Vomiting,Gastrointestinal Issues,Immediate veterinary consultation is needed. Treatment may involve dietary changes and medications to address underlying issues.
19,Bird,Swelling in Limbs,Infection or Injury,Consult your vet for diagnosis and treatment options. Keeping the habitat clean and monitoring for additional symptoms is important.
20,Bird,Excessive Thirst,Dehydration or Kidney Issues,Ensure access to clean water and monitor for signs of dehydration. Consult your vet for evaluation if excessive drinking persists.
21,Bird,Changes in Social Behavior,Stress or Illness,Assess environmental factors and consult your vet for potential treatment options. Behavioral changes can indicate discomfort or pain.
22,Bird,Foul Odor,Infection or Poor Hygiene,Consult your vet for diagnosis and treatment. Maintain a clean habitat and monitor for signs of illness.
23,Bird,Tail Bobbing,Stress or Respiratory Issues,Monitor environmental conditions and consult your vet if tail bobbing persists. Providing a stable environment can help reduce stress.
24,Bird,Inability to Fly,Injury or Weakness,Consult your vet for evaluation and treatment options. Ensure a safe environment to prevent further injury.
25,Bird,Changes in Habitat Usage,Stress or Illness,Assess habitat conditions and consult your vet if changes in behavior persist. Providing enrichment can help reduce stress.
26,Bird,Loss of Balance,Neurological Issues,Consult your vet for evaluation. Loss of balance can indicate underlying health issues that require further investigation.
27,Bird,Unusual Breathing Sounds,Respiratory Disease,Consult your vet for diagnosis and treatment options. Maintaining clean and well-ventilated living conditions is essential for respiratory health.
28,Bird,Flinching,Pain or Stress,Monitor for other symptoms and consult your vet if flinching continues. Identifying and eliminating stressors can help reduce anxiety.
29,Bird,Eye Twitching,Stress or Neurological Issues,Monitor environmental conditions and consult your vet if twitching persists. Identifying stressors can help manage health.
30,Bird,Abnormal Tail Loss,Trauma or Illness,Consult your vet for evaluation and treatment options. Monitor for signs of infection and provide a safe environment to prevent further injury.
31,Bird,Unusual Weight Loss,Malnutrition or Illness,Ensure a balanced diet and consult your vet for a thorough examination. Dietary adjustments and supplements may be necessary.
32,Bird,Stunted Growth,Nutritional Deficiencies,Consult your vet for evaluation and treatment. Providing a balanced diet and proper habitat conditions can support healthy growth.
33,Bird,Unusual Coloration,Stress or Illness,Consult your vet for evaluation if color changes are significant. Providing a stable environment can help reduce stress.
34,Bird,Abnormal Heart Rate,Stress or Health Issues,Monitor for additional symptoms and consult your vet if heart rate changes are significant.
35,Bird,Changes in Feather Texture,Nutritional Deficiencies,Consult your vet for assessment and treatment. Providing a balanced diet and proper habitat conditions can help prevent further issues.
36,Bird,Unusual Nesting Behavior,Stress or Illness,Assess environmental factors and provide suitable nesting materials. Consult your vet if nesting behavior changes significantly.
37,Bird,Frequent Eye Closing,Eye Infection or Irritation,Consult your vet for diagnosis and treatment. Maintaining proper humidity and avoiding irritants can help alleviate discomfort.
38,Bird,Unusual Bowel Movements,Gastrointestinal Issues,Monitor diet and consult your vet if bowel movement abnormalities persist. Dietary adjustments may be necessary.
39,Bird,Unusual Aggression,Stress or Territorial Issues,Ensure ample space and environmental enrichment. Monitor interactions and consult your vet if aggressive behavior persists.
40,Bird,Changes in Flight Patterns,Stress or Illness,Monitor for additional symptoms and consult your vet if flight patterns change significantly.
41,Bird,Skin Lesions,Infection or Injury,Consult your vet for diagnosis and treatment. Keeping the habitat clean and monitoring for additional symptoms is important.
42,Bird,Unusual Beak Growth,Nutritional Deficiencies,Consult your vet for assessment and treatment options. Regular beak care is essential for maintaining health.
43,Bird,Changes in Feather Color,Stress or Illness,Consult your vet for evaluation if feather coloration changes significantly. Providing a stable environment can help reduce stress.
44,Bird,Eye Swelling,Infection or Allergy,Consult your vet for diagnosis and treatment. Maintaining proper humidity levels can support eye health.
45,Bird,Unusual Nesting Materials,Stress or Health Issues,Consult your vet for assessment. Providing suitable nesting materials can help promote natural behavior.
46,Bird,Changes in Energy Levels,Illness or Stress,Monitor habitat conditions and consult your vet if energy levels fluctuate significantly and persist.
47,Bird,Frequent Yawning,Stress or Fatigue,Monitor environmental factors and provide enrichment. Consult your vet if yawning becomes excessive.
48,Bird,Difficulty in Molting,Stress or Nutritional Deficiency,Consult your vet for evaluation. Ensuring a balanced diet and proper humidity can support healthy molting.
49,Bird,Unusual Head Movements,Neurological Issues,Consult your vet for evaluation. Abnormal head movements can indicate underlying health issues that require further investigation.
50,Bird,Sudden Change in Behavior,Illness or Stress,Monitor environmental factors and consult your vet for assessment. Sudden behavioral changes can indicate discomfort or health issues.
